ActuateJointsDataType,15048,DataType
ActuateJointsDataType_Encoding_DefaultBinary,15139,Object
ActuateJointsDataType_Encoding_DefaultJson,15859,Object
ActuateJointsDataType_Encoding_DefaultXml,15499,Object
ActuateJointsParameters,15870,VariableType
ActuateJointsParametersSetDataType,15695,DataType
ActuateJointsParametersSetDataType_Encoding_DefaultBinary,16323,Object
ActuateJointsParametersSetDataType_Encoding_DefaultJson,16611,Object
ActuateJointsParametersSetDataType_Encoding_DefaultXml,16467,Object
CloseToolChangerDataType,15050,DataType
CloseToolChangerDataType_Encoding_DefaultBinary,15141,Object
CloseToolChangerDataType_Encoding_DefaultJson,15861,Object
CloseToolChangerDataType_Encoding_DefaultXml,15501,Object
CloseToolChangerParameters,15856,VariableType
CloseToolChangerParametersSetDataType,15336,DataType
CloseToolChangerParametersSetDataType_Encoding_DefaultBinary,15981,Object
CloseToolChangerParametersSetDataType_Encoding_DefaultJson,16604,Object
CloseToolChangerParametersSetDataType_Encoding_DefaultXml,16460,Object
ConfigureJointReportsDataType,15081,DataType
ConfigureJointReportsDataType_Encoding_DefaultBinary,15172,Object
ConfigureJointReportsDataType_Encoding_DefaultJson,15892,Object
ConfigureJointReportsDataType_Encoding_DefaultXml,15532,Object
ConfigureJointReportsParameters,15292,VariableType
ConfigureJointReportsParametersSetDataType,15696,DataType
ConfigureJointReportsParametersSetDataType_Encoding_DefaultBinary,16324,Object
ConfigureJointReportsParametersSetDataType_Encoding_DefaultJson,16612,Object
ConfigureJointReportsParametersSetDataType_Encoding_DefaultXml,16468,Object
ConfigureStatusReportDataType,15069,DataType
ConfigureStatusReportDataType_Encoding_DefaultBinary,15160,Object
ConfigureStatusReportDataType_Encoding_DefaultJson,15880,Object
ConfigureStatusReportDataType_Encoding_DefaultXml,15520,Object
ConfigureStatusReportParameters,15970,VariableType
ConfigureStatusReportParametersSetDataType,15965,DataType
ConfigureStatusReportParametersSetDataType_Encoding_DefaultBinary,16341,Object
ConfigureStatusReportParametersSetDataType_Encoding_DefaultJson,16629,Object
ConfigureStatusReportParametersSetDataType_Encoding_DefaultXml,16485,Object
CRCL_ActuateJointDataType,15059,DataType
CRCL_ActuateJointDataType_Encoding_DefaultBinary,15991,Object
CRCL_ActuateJointDataType_Encoding_DefaultJson,15999,Object
CRCL_ActuateJointDataType_Encoding_DefaultXml,15995,Object
CRCL_AngleUnitEnumDataType,15003,DataType
CRCL_BinarySchema,15194,Variable
CRCL_CommandStateEnumDataType,15082,DataType
CRCL_CommandStatusDataType,15084,DataType
CRCL_CommandStatusDataType_Encoding_DefaultBinary,15173,Object
CRCL_CommandStatusDataType_Encoding_DefaultJson,15893,Object
CRCL_CommandStatusDataType_Encoding_DefaultXml,15533,Object
CRCL_ConfigureJointReportDataType,15033,DataType
CRCL_ConfigureJointReportDataType_Encoding_DefaultBinary,15126,Object
CRCL_ConfigureJointReportDataType_Encoding_DefaultJson,15846,Object
CRCL_ConfigureJointReportDataType_Encoding_DefaultXml,15486,Object
CRCL_CountSensorStatusDataType,15086,DataType
CRCL_CountSensorStatusDataType_Encoding_DefaultBinary,15175,Object
CRCL_CountSensorStatusDataType_Encoding_DefaultJson,15895,Object
CRCL_CountSensorStatusDataType_Encoding_DefaultXml,15535,Object
CRCL_DataThingDataType,15010,DataType
CRCL_DataThingDataType_Encoding_DefaultBinary,15106,Object
CRCL_DataThingDataType_Encoding_DefaultJson,15826,Object
CRCL_DataThingDataType_Encoding_DefaultXml,15466,Object
CRCL_ForceTorqueSensorStatusDataType,15089,DataType
CRCL_ForceTorqueSensorStatusDataType_Encoding_DefaultBinary,15178,Object
CRCL_ForceTorqueSensorStatusDataType_Encoding_DefaultJson,15898,Object
CRCL_ForceTorqueSensorStatusDataType_Encoding_DefaultXml,15538,Object
CRCL_ForceUnitEnumDataType,15005,DataType
CRCL_FractionDataType,15007,DataType
CRCL_FractionDataType_Encoding_DefaultBinary,15105,Object
CRCL_FractionDataType_Encoding_DefaultJson,15825,Object
CRCL_FractionDataType_Encoding_DefaultXml,15465,Object
CRCL_GripperStatusDataType,15091,DataType
CRCL_GripperStatusDataType_Encoding_DefaultBinary,15180,Object
CRCL_GripperStatusDataType_Encoding_DefaultJson,15900,Object
CRCL_GripperStatusDataType_Encoding_DefaultXml,15540,Object
CRCL_GuardDataType,15036,DataType
CRCL_GuardDataType_Encoding_DefaultBinary,15127,Object
CRCL_GuardDataType_Encoding_DefaultJson,15847,Object
CRCL_GuardDataType_Encoding_DefaultXml,15487,Object
CRCL_GuardLimitEnumDataType,15034,DataType
CRCL_JointDetailsDataType,15044,DataType
CRCL_JointDetailsDataType_Encoding_DefaultBinary,15135,Object
CRCL_JointDetailsDataType_Encoding_DefaultJson,15855,Object
CRCL_JointDetailsDataType_Encoding_DefaultXml,15495,Object
CRCL_JointForceTorqueDataType,15046,DataType
CRCL_JointForceTorqueDataType_Encoding_DefaultBinary,15137,Object
CRCL_JointForceTorqueDataType_Encoding_DefaultJson,15857,Object
CRCL_JointForceTorqueDataType_Encoding_DefaultXml,15497,Object
CRCL_JointLimitDataType,15097,DataType
CRCL_JointLimitDataType_Encoding_DefaultBinary,15186,Object
CRCL_JointLimitDataType_Encoding_DefaultJson,15906,Object
CRCL_JointLimitDataType_Encoding_DefaultXml,15546,Object
CRCL_JointPositionsTolerancesDataType,15038,DataType
CRCL_JointPositionsTolerancesDataType_Encoding_DefaultBinary,15129,Object
CRCL_JointPositionsTolerancesDataType_Encoding_DefaultJson,15849,Object
CRCL_JointPositionsTolerancesDataType_Encoding_DefaultXml,15489,Object
CRCL_JointPositionToleranceSettingDataType,15037,DataType
CRCL_JointPositionToleranceSettingDataType_Encoding_DefaultBinary,15128,Object
CRCL_JointPositionToleranceSettingDataType_Encoding_DefaultJson,15848,Object
CRCL_JointPositionToleranceSettingDataType_Encoding_DefaultXml,15488,Object
CRCL_JointSpeedAccelDataType,15047,DataType
CRCL_JointSpeedAccelDataType_Encoding_DefaultBinary,15138,Object
CRCL_JointSpeedAccelDataType_Encoding_DefaultJson,15858,Object
CRCL_JointSpeedAccelDataType_Encoding_DefaultXml,15498,Object
CRCL_JointStatusDataType,15098,DataType
CRCL_JointStatusDataType_Encoding_DefaultBinary,15187,Object
CRCL_JointStatusDataType_Encoding_DefaultJson,15907,Object
CRCL_JointStatusDataType_Encoding_DefaultXml,15547,Object
CRCL_JointStatusesDataType,15099,DataType
CRCL_JointStatusesDataType_Encoding_DefaultBinary,15188,Object
CRCL_JointStatusesDataType_Encoding_DefaultJson,15908,Object
CRCL_JointStatusesDataType_Encoding_DefaultXml,15548,Object
CRCL_LengthUnitEnumDataType,15008,DataType
CRCL_OnOffSensorStatusDataType,15087,DataType
CRCL_OnOffSensorStatusDataType_Encoding_DefaultBinary,15176,Object
CRCL_OnOffSensorStatusDataType_Encoding_DefaultJson,15896,Object
CRCL_OnOffSensorStatusDataType_Encoding_DefaultXml,15536,Object
CRCL_ParallelGripperStatusDataType,15092,DataType
CRCL_ParallelGripperStatusDataType_Encoding_DefaultBinary,15181,Object
CRCL_ParallelGripperStatusDataType_Encoding_DefaultJson,15901,Object
CRCL_ParallelGripperStatusDataType_Encoding_DefaultXml,15541,Object
CRCL_ParameterSettingDataType,15020,DataType
CRCL_ParameterSettingDataType_Encoding_DefaultBinary,15113,Object
CRCL_ParameterSettingDataType_Encoding_DefaultJson,15833,Object
CRCL_ParameterSettingDataType_Encoding_DefaultXml,15473,Object
CRCL_PointDataType,15011,DataType
CRCL_PointDataType_Encoding_DefaultBinary,15107,Object
CRCL_PointDataType_Encoding_DefaultJson,15827,Object
CRCL_PointDataType_Encoding_DefaultXml,15467,Object
CRCL_PoseAndSetDataType,15039,DataType
CRCL_PoseAndSetDataType_Encoding_DefaultBinary,15130,Object
CRCL_PoseAndSetDataType_Encoding_DefaultJson,15850,Object
CRCL_PoseAndSetDataType_Encoding_DefaultXml,15490,Object
CRCL_PoseDataType,15013,DataType
CRCL_PoseDataType_Encoding_DefaultBinary,15109,Object
CRCL_PoseDataType_Encoding_DefaultJson,15829,Object
CRCL_PoseDataType_Encoding_DefaultXml,15469,Object
CRCL_PoseStatusDataType,15096,DataType
CRCL_PoseStatusDataType_Encoding_DefaultBinary,15185,Object
CRCL_PoseStatusDataType_Encoding_DefaultJson,15905,Object
CRCL_PoseStatusDataType_Encoding_DefaultXml,15545,Object
CRCL_PoseToleranceDataType,15019,DataType
CRCL_PoseToleranceDataType_Encoding_DefaultBinary,15112,Object
CRCL_PoseToleranceDataType_Encoding_DefaultJson,15832,Object
CRCL_PoseToleranceDataType_Encoding_DefaultXml,15472,Object
CRCL_PositiveDecimalDataType,15014,DataType
CRCL_RotAccelAbsoluteDataType,15021,DataType
CRCL_RotAccelAbsoluteDataType_Encoding_DefaultBinary,15114,Object
CRCL_RotAccelAbsoluteDataType_Encoding_DefaultJson,15834,Object
CRCL_RotAccelAbsoluteDataType_Encoding_DefaultXml,15474,Object
CRCL_RotAccelDataType,15023,DataType
CRCL_RotAccelDataType_Encoding_DefaultBinary,15116,Object
CRCL_RotAccelDataType_Encoding_DefaultJson,15836,Object
CRCL_RotAccelDataType_Encoding_DefaultXml,15476,Object
CRCL_RotAccelRelativeDataType,15022,DataType
CRCL_RotAccelRelativeDataType_Encoding_DefaultBinary,15115,Object
CRCL_RotAccelRelativeDataType_Encoding_DefaultJson,15835,Object
CRCL_RotAccelRelativeDataType_Encoding_DefaultXml,15475,Object
CRCL_RotSpeedAbsoluteDataType,15024,DataType
CRCL_RotSpeedAbsoluteDataType_Encoding_DefaultBinary,15117,Object
CRCL_RotSpeedAbsoluteDataType_Encoding_DefaultJson,15837,Object
CRCL_RotSpeedAbsoluteDataType_Encoding_DefaultXml,15477,Object
CRCL_RotSpeedDataType,15026,DataType
CRCL_RotSpeedDataType_Encoding_DefaultBinary,15119,Object
CRCL_RotSpeedDataType_Encoding_DefaultJson,15839,Object
CRCL_RotSpeedDataType_Encoding_DefaultXml,15479,Object
CRCL_RotSpeedRelativeDataType,15025,DataType
CRCL_RotSpeedRelativeDataType_Encoding_DefaultBinary,15118,Object
CRCL_RotSpeedRelativeDataType_Encoding_DefaultJson,15838,Object
CRCL_RotSpeedRelativeDataType_Encoding_DefaultXml,15478,Object
CRCL_ScalarSensorStatusDataType,15088,DataType
CRCL_ScalarSensorStatusDataType_Encoding_DefaultBinary,15177,Object
CRCL_ScalarSensorStatusDataType_Encoding_DefaultJson,15897,Object
CRCL_ScalarSensorStatusDataType_Encoding_DefaultXml,15537,Object
CRCL_SensorStatusDataType,15085,DataType
CRCL_SensorStatusDataType_Encoding_DefaultBinary,15174,Object
CRCL_SensorStatusDataType_Encoding_DefaultJson,15894,Object
CRCL_SensorStatusDataType_Encoding_DefaultXml,15534,Object
CRCL_SensorStatusesDataType,15090,DataType
CRCL_SensorStatusesDataType_Encoding_DefaultBinary,15179,Object
CRCL_SensorStatusesDataType_Encoding_DefaultJson,15899,Object
CRCL_SensorStatusesDataType_Encoding_DefaultXml,15539,Object
CRCL_SettingsStatusDataType,15095,DataType
CRCL_SettingsStatusDataType_Encoding_DefaultBinary,15184,Object
CRCL_SettingsStatusDataType_Encoding_DefaultJson,15904,Object
CRCL_SettingsStatusDataType_Encoding_DefaultXml,15544,Object
CRCL_StopConditionEnumDataType,15001,DataType
CRCL_ThreeFingerGripperStatusDataType,15093,DataType
CRCL_ThreeFingerGripperStatusDataType_Encoding_DefaultBinary,15182,Object
CRCL_ThreeFingerGripperStatusDataType_Encoding_DefaultJson,15902,Object
CRCL_ThreeFingerGripperStatusDataType_Encoding_DefaultXml,15542,Object
CRCL_TorqueUnitEnumDataType,15015,DataType
CRCL_TransAccelAbsoluteDataType,15027,DataType
CRCL_TransAccelAbsoluteDataType_Encoding_DefaultBinary,15120,Object
CRCL_TransAccelAbsoluteDataType_Encoding_DefaultJson,15840,Object
CRCL_TransAccelAbsoluteDataType_Encoding_DefaultXml,15480,Object
CRCL_TransAccelDataType,15029,DataType
CRCL_TransAccelDataType_Encoding_DefaultBinary,15122,Object
CRCL_TransAccelDataType_Encoding_DefaultJson,15842,Object
CRCL_TransAccelDataType_Encoding_DefaultXml,15482,Object
CRCL_TransAccelRelativeDataType,15028,DataType
CRCL_TransAccelRelativeDataType_Encoding_DefaultBinary,15121,Object
CRCL_TransAccelRelativeDataType_Encoding_DefaultJson,15841,Object
CRCL_TransAccelRelativeDataType_Encoding_DefaultXml,15481,Object
CRCL_TransSpeedAbsoluteDataType,15030,DataType
CRCL_TransSpeedAbsoluteDataType_Encoding_DefaultBinary,15123,Object
CRCL_TransSpeedAbsoluteDataType_Encoding_DefaultJson,15843,Object
CRCL_TransSpeedAbsoluteDataType_Encoding_DefaultXml,15483,Object
CRCL_TransSpeedDataType,15032,DataType
CRCL_TransSpeedDataType_Encoding_DefaultBinary,15125,Object
CRCL_TransSpeedDataType_Encoding_DefaultJson,15845,Object
CRCL_TransSpeedDataType_Encoding_DefaultXml,15485,Object
CRCL_TransSpeedRelativeDataType,15031,DataType
CRCL_TransSpeedRelativeDataType_Encoding_DefaultBinary,15124,Object
CRCL_TransSpeedRelativeDataType_Encoding_DefaultJson,15844,Object
CRCL_TransSpeedRelativeDataType_Encoding_DefaultXml,15484,Object
CRCL_TwistDataType,15017,DataType
CRCL_TwistDataType_Encoding_DefaultBinary,15110,Object
CRCL_TwistDataType_Encoding_DefaultJson,15830,Object
CRCL_TwistDataType_Encoding_DefaultXml,15470,Object
CRCL_VacuumGripperStatusDataType,15094,DataType
CRCL_VacuumGripperStatusDataType_Encoding_DefaultBinary,15183,Object
CRCL_VacuumGripperStatusDataType_Encoding_DefaultJson,15903,Object
CRCL_VacuumGripperStatusDataType_Encoding_DefaultXml,15543,Object
CRCL_VectorDataType,15012,DataType
CRCL_VectorDataType_Encoding_DefaultBinary,15108,Object
CRCL_VectorDataType_Encoding_DefaultJson,15828,Object
CRCL_VectorDataType_Encoding_DefaultXml,15468,Object
CRCL_WrenchDataType,15018,DataType
CRCL_WrenchDataType_Encoding_DefaultBinary,15111,Object
CRCL_WrenchDataType_Encoding_DefaultJson,15831,Object
CRCL_WrenchDataType_Encoding_DefaultXml,15471,Object
CRCL_XmlSchema,15554,Variable
CRCLCommandDataType,15040,DataType
CRCLCommandDataType_Encoding_DefaultBinary,15131,Object
CRCLCommandDataType_Encoding_DefaultJson,15851,Object
CRCLCommandDataType_Encoding_DefaultXml,15491,Object
CRCLCommandParameters,15291,VariableType
CRCLCommandParametersSetDataType,15150,DataType
CRCLCommandParametersSetDataType_Encoding_DefaultBinary,15975,Object
CRCLCommandParametersSetDataType_Encoding_DefaultJson,16600,Object
CRCLCommandParametersSetDataType_Encoding_DefaultXml,16456,Object
CRCLCommandsUnionDataType,15103,DataType
CRCLCommandsUnionDataType_Encoding_DefaultBinary,15192,Object
CRCLCommandsUnionDataType_Encoding_DefaultJson,15912,Object
CRCLCommandsUnionDataType_Encoding_DefaultXml,15552,Object
CRCLSkillDataType,15104,DataType
CRCLSkillDataType_Encoding_DefaultBinary,15193,Object
CRCLSkillDataType_Encoding_DefaultJson,15913,Object
CRCLSkillDataType_Encoding_DefaultXml,15553,Object
CRCLStatusDataType,15100,DataType
CRCLStatusDataType_Encoding_DefaultBinary,15189,Object
CRCLStatusDataType_Encoding_DefaultJson,15909,Object
CRCLStatusDataType_Encoding_DefaultXml,15549,Object
DisableGripperDataType,15073,DataType
DisableGripperDataType_Encoding_DefaultBinary,15164,Object
DisableGripperDataType_Encoding_DefaultJson,15884,Object
DisableGripperDataType_Encoding_DefaultXml,15524,Object
DisableGripperParameters,15985,VariableType
DisableGripperParametersSetDataType,15972,DataType
DisableGripperParametersSetDataType_Encoding_DefaultBinary,16345,Object
DisableGripperParametersSetDataType_Encoding_DefaultJson,16633,Object
DisableGripperParametersSetDataType_Encoding_DefaultXml,16489,Object
DisableRobotParameterStatusDataType,15075,DataType
DisableRobotParameterStatusDataType_Encoding_DefaultBinary,15166,Object
DisableRobotParameterStatusDataType_Encoding_DefaultJson,15886,Object
DisableRobotParameterStatusDataType_Encoding_DefaultXml,15526,Object
DisableRobotParameterStatusParameters,15989,VariableType
DisableRobotParameterStatusParametersSetDataType,15974,DataType
DisableRobotParameterStatusParametersSetDataType_Encoding_DefaultBinary,16347,Object
DisableRobotParameterStatusParametersSetDataType_Encoding_DefaultJson,16635,Object
DisableRobotParameterStatusParametersSetDataType_Encoding_DefaultXml,16491,Object
DisableSensorDataType,15071,DataType
DisableSensorDataType_Encoding_DefaultBinary,15162,Object
DisableSensorDataType_Encoding_DefaultJson,15882,Object
DisableSensorDataType_Encoding_DefaultXml,15522,Object
DisableSensorParameters,15980,VariableType
DisableSensorParametersSetDataType,15969,DataType
DisableSensorParametersSetDataType_Encoding_DefaultBinary,16343,Object
DisableSensorParametersSetDataType_Encoding_DefaultJson,16631,Object
DisableSensorParametersSetDataType_Encoding_DefaultXml,16487,Object
DwellDataType,15051,DataType
DwellDataType_Encoding_DefaultBinary,15142,Object
DwellDataType_Encoding_DefaultJson,15862,Object
DwellDataType_Encoding_DefaultXml,15502,Object
DwellParameters,15697,VariableType
DwellParametersSetDataType,15694,DataType
DwellParametersSetDataType_Encoding_DefaultBinary,16322,Object
DwellParametersSetDataType_Encoding_DefaultJson,16610,Object
DwellParametersSetDataType_Encoding_DefaultXml,16466,Object
EnableGripperDataType,15072,DataType
EnableGripperDataType_Encoding_DefaultBinary,15163,Object
EnableGripperDataType_Encoding_DefaultJson,15883,Object
EnableGripperDataType_Encoding_DefaultXml,15523,Object
EnableGripperParameters,15982,VariableType
EnableGripperParametersSetDataType,15971,DataType
EnableGripperParametersSetDataType_Encoding_DefaultBinary,16344,Object
EnableGripperParametersSetDataType_Encoding_DefaultJson,16632,Object
EnableGripperParametersSetDataType_Encoding_DefaultXml,16488,Object
EnableRobotParameterStatusDataType,15074,DataType
EnableRobotParameterStatusDataType_Encoding_DefaultBinary,15165,Object
EnableRobotParameterStatusDataType_Encoding_DefaultJson,15885,Object
EnableRobotParameterStatusDataType_Encoding_DefaultXml,15525,Object
EnableRobotParameterStatusParameters,15987,VariableType
EnableRobotParameterStatusParametersSetDataType,15973,DataType
EnableRobotParameterStatusParametersSetDataType_Encoding_DefaultBinary,16346,Object
EnableRobotParameterStatusParametersSetDataType_Encoding_DefaultJson,16634,Object
EnableRobotParameterStatusParametersSetDataType_Encoding_DefaultXml,16490,Object
EnableSensorDataType,15070,DataType
EnableSensorDataType_Encoding_DefaultBinary,15161,Object
EnableSensorDataType_Encoding_DefaultJson,15881,Object
EnableSensorDataType_Encoding_DefaultXml,15521,Object
EnableSensorParameters,15977,VariableType
EnableSensorParametersSetDataType,15967,DataType
EnableSensorParametersSetDataType_Encoding_DefaultBinary,16342,Object
EnableSensorParametersSetDataType_Encoding_DefaultJson,16630,Object
EnableSensorParametersSetDataType_Encoding_DefaultXml,16486,Object
EndCanonDataType,15042,DataType
EndCanonDataType_Encoding_DefaultBinary,15133,Object
EndCanonDataType_Encoding_DefaultJson,15853,Object
EndCanonDataType_Encoding_DefaultXml,15493,Object
EndCanonParameters,15652,VariableType
EndCanonParametersSetDataType,15333,DataType
EndCanonParametersSetDataType_Encoding_DefaultBinary,15978,Object
EndCanonParametersSetDataType_Encoding_DefaultJson,16602,Object
EndCanonParametersSetDataType_Encoding_DefaultXml,16458,Object
GetStatusDataType,15052,DataType
GetStatusDataType_Encoding_DefaultBinary,15143,Object
GetStatusDataType_Encoding_DefaultJson,15863,Object
GetStatusDataType_Encoding_DefaultXml,15503,Object
GetStatusParameters,15653,VariableType
GetStatusParametersSetDataType,15334,DataType
GetStatusParametersSetDataType_Encoding_DefaultBinary,15979,Object
GetStatusParametersSetDataType_Encoding_DefaultJson,16603,Object
GetStatusParametersSetDataType_Encoding_DefaultXml,16459,Object
InitCanonDataType,15043,DataType
InitCanonDataType_Encoding_DefaultBinary,15134,Object
InitCanonDataType_Encoding_DefaultJson,15854,Object
InitCanonDataType_Encoding_DefaultXml,15494,Object
InitCanonParameters,15651,VariableType
InitCanonParametersSetDataType,15293,DataType
InitCanonParametersSetDataType_Encoding_DefaultBinary,15976,Object
InitCanonParametersSetDataType_Encoding_DefaultJson,16601,Object
InitCanonParametersSetDataType_Encoding_DefaultXml,16457,Object
ISkillParameter,15045,ObjectType
MessageDataType,15053,DataType
MessageDataType_Encoding_DefaultBinary,15144,Object
MessageDataType_Encoding_DefaultJson,15864,Object
MessageDataType_Encoding_DefaultXml,15504,Object
MessageParameters,15060,VariableType
MessageParametersSetDataType,15338,DataType
MessageParametersSetDataType_Encoding_DefaultBinary,15984,Object
MessageParametersSetDataType_Encoding_DefaultJson,16606,Object
MessageParametersSetDataType_Encoding_DefaultXml,16462,Object
MiddleCommandDataType,15041,DataType
MiddleCommandDataType_Encoding_DefaultBinary,15132,Object
MiddleCommandDataType_Encoding_DefaultJson,15852,Object
MiddleCommandDataType_Encoding_DefaultXml,15492,Object
MoveScrewDataType,15054,DataType
MoveScrewDataType_Encoding_DefaultBinary,15145,Object
MoveScrewDataType_Encoding_DefaultJson,15865,Object
MoveScrewDataType_Encoding_DefaultXml,15505,Object
MoveScrewParameters,15335,VariableType
MoveScrewParametersSetDataType,15510,DataType
MoveScrewParametersSetDataType_Encoding_DefaultBinary,15988,Object
MoveScrewParametersSetDataType_Encoding_DefaultJson,16608,Object
MoveScrewParametersSetDataType_Encoding_DefaultXml,16464,Object
MoveThroughToDataType,15055,DataType
MoveThroughToDataType_Encoding_DefaultBinary,15146,Object
MoveThroughToDataType_Encoding_DefaultJson,15866,Object
MoveThroughToDataType_Encoding_DefaultXml,15506,Object
MoveThroughToParameters,15693,VariableType
MoveThroughToParametersSetDataType,15511,DataType
MoveThroughToParametersSetDataType_Encoding_DefaultBinary,15990,Object
MoveThroughToParametersSetDataType_Encoding_DefaultJson,16609,Object
MoveThroughToParametersSetDataType_Encoding_DefaultXml,16465,Object
MoveToDataType,15049,DataType
MoveToDataType_Encoding_DefaultBinary,15140,Object
MoveToDataType_Encoding_DefaultJson,15860,Object
MoveToDataType_Encoding_DefaultXml,15500,Object
MoveToParameters,15151,VariableType
MoveToParametersSetDataType,15496,DataType
MoveToParametersSetDataType_Encoding_DefaultBinary,15986,Object
MoveToParametersSetDataType_Encoding_DefaultJson,16607,Object
MoveToParametersSetDataType_Encoding_DefaultXml,16463,Object
OpenToolChangerDataType,15056,DataType
OpenToolChangerDataType_Encoding_DefaultBinary,15147,Object
OpenToolChangerDataType_Encoding_DefaultJson,15867,Object
OpenToolChangerDataType_Encoding_DefaultXml,15507,Object
OpenToolChangerParameters,15935,VariableType
OpenToolChangerParametersSetDataType,15337,DataType
OpenToolChangerParametersSetDataType_Encoding_DefaultBinary,15983,Object
OpenToolChangerParametersSetDataType_Encoding_DefaultJson,16605,Object
OpenToolChangerParametersSetDataType_Encoding_DefaultXml,16461,Object
PubSubIPAddresses,15101,DataType
PubSubIPAddresses_Encoding_DefaultBinary,15190,Object
PubSubIPAddresses_Encoding_DefaultJson,15910,Object
PubSubIPAddresses_Encoding_DefaultXml,15550,Object
RunProgramDataType,15057,DataType
RunProgramDataType_Encoding_DefaultBinary,15148,Object
RunProgramDataType_Encoding_DefaultJson,15868,Object
RunProgramDataType_Encoding_DefaultXml,15508,Object
SAMYRobotDataType,15102,DataType
SAMYRobotDataType_Encoding_DefaultBinary,15191,Object
SAMYRobotDataType_Encoding_DefaultJson,15911,Object
SAMYRobotDataType_Encoding_DefaultXml,15551,Object
SetAngleUnitsDataType,15058,DataType
SetAngleUnitsDataType_Encoding_DefaultBinary,15149,Object
SetAngleUnitsDataType_Encoding_DefaultJson,15869,Object
SetAngleUnitsDataType_Encoding_DefaultXml,15509,Object
SetAngleUnitsParameters,15954,VariableType
SetAngleUnitsParametersSetDataType,15949,DataType
SetAngleUnitsParametersSetDataType_Encoding_DefaultBinary,16333,Object
SetAngleUnitsParametersSetDataType_Encoding_DefaultJson,16621,Object
SetAngleUnitsParametersSetDataType_Encoding_DefaultXml,16477,Object
SetDefaultJointPositionsTolerancesDataType,15076,DataType
SetDefaultJointPositionsTolerancesDataType_Encoding_DefaultBinary,15167,Object
SetDefaultJointPositionsTolerancesDataType_Encoding_DefaultJson,15887,Object
SetDefaultJointPositionsTolerancesDataType_Encoding_DefaultXml,15527,Object
SetDefaultJointPositionsTolerancesParameters,15938,VariableType
SetDefaultJointPositionsTolerancesParametersSetDataType,15698,DataType
SetDefaultJointPositionsTolerancesParametersSetDataType_Encoding_DefaultBinary,16325,Object
SetDefaultJointPositionsTolerancesParametersSetDataType_Encoding_DefaultJson,16613,Object
SetDefaultJointPositionsTolerancesParametersSetDataType_Encoding_DefaultXml,16469,Object
SetEndeffectorDataType,15915,DataType
SetEndeffectorDataType_Encoding_DefaultBinary,15917,Object
SetEndeffectorDataType_Encoding_DefaultJson,15933,Object
SetEndeffectorDataType_Encoding_DefaultXml,15925,Object
SetEndeffectorParameters,15944,VariableType
SetEndeffectorParametersDataType,15914,DataType
SetEndeffectorParametersDataType_Encoding_DefaultBinary,15916,Object
SetEndeffectorParametersDataType_Encoding_DefaultJson,15932,Object
SetEndeffectorParametersDataType_Encoding_DefaultXml,15924,Object
SetEndeffectorParametersParameters,15942,VariableType
SetEndeffectorParametersParametersSetDataType,15934,DataType
SetEndeffectorParametersParametersSetDataType_Encoding_DefaultBinary,16327,Object
SetEndeffectorParametersParametersSetDataType_Encoding_DefaultJson,16615,Object
SetEndeffectorParametersParametersSetDataType_Encoding_DefaultXml,16471,Object
SetEndeffectorParametersSetDataType,15939,DataType
SetEndeffectorParametersSetDataType_Encoding_DefaultBinary,16328,Object
SetEndeffectorParametersSetDataType_Encoding_DefaultJson,16616,Object
SetEndeffectorParametersSetDataType_Encoding_DefaultXml,16472,Object
SetEndPoseToleranceDataType,15061,DataType
SetEndPoseToleranceDataType_Encoding_DefaultBinary,15152,Object
SetEndPoseToleranceDataType_Encoding_DefaultJson,15872,Object
SetEndPoseToleranceDataType_Encoding_DefaultXml,15512,Object
SetEndPoseToleranceParameters,15956,VariableType
SetEndPoseToleranceParametersSetDataType,15951,DataType
SetEndPoseToleranceParametersSetDataType_Encoding_DefaultBinary,16334,Object
SetEndPoseToleranceParametersSetDataType_Encoding_DefaultJson,16622,Object
SetEndPoseToleranceParametersSetDataType_Encoding_DefaultXml,16478,Object
SetForceUnitsDataType,15062,DataType
SetForceUnitsDataType_Encoding_DefaultBinary,15153,Object
SetForceUnitsDataType_Encoding_DefaultJson,15873,Object
SetForceUnitsDataType_Encoding_DefaultXml,15513,Object
SetForceUnitsParameters,15958,VariableType
SetForceUnitsParametersSetDataType,15953,DataType
SetForceUnitsParametersSetDataType_Encoding_DefaultBinary,16335,Object
SetForceUnitsParametersSetDataType_Encoding_DefaultJson,16623,Object
SetForceUnitsParametersSetDataType_Encoding_DefaultXml,16479,Object
SetIntermediatePoseToleranceDataType,15063,DataType
SetIntermediatePoseToleranceDataType_Encoding_DefaultBinary,15154,Object
SetIntermediatePoseToleranceDataType_Encoding_DefaultJson,15874,Object
SetIntermediatePoseToleranceDataType_Encoding_DefaultXml,15514,Object
SetIntermediatePoseToleranceParameters,15960,VariableType
SetIntermediatePoseToleranceParametersSetDataType,15955,DataType
SetIntermediatePoseToleranceParametersSetDataType_Encoding_DefaultBinary,16336,Object
SetIntermediatePoseToleranceParametersSetDataType_Encoding_DefaultJson,16624,Object
SetIntermediatePoseToleranceParametersSetDataType_Encoding_DefaultXml,16480,Object
SetLengthUnitsDataType,15064,DataType
SetLengthUnitsDataType_Encoding_DefaultBinary,15155,Object
SetLengthUnitsDataType_Encoding_DefaultJson,15875,Object
SetLengthUnitsDataType_Encoding_DefaultXml,15515,Object
SetLengthUnitsParameters,15962,VariableType
SetLengthUnitsParametersSetDataType,15957,DataType
SetLengthUnitsParametersSetDataType_Encoding_DefaultBinary,16337,Object
SetLengthUnitsParametersSetDataType_Encoding_DefaultJson,16625,Object
SetLengthUnitsParametersSetDataType_Encoding_DefaultXml,16481,Object
SetMotionCoordinationDataType,15065,DataType
SetMotionCoordinationDataType_Encoding_DefaultBinary,15156,Object
SetMotionCoordinationDataType_Encoding_DefaultJson,15876,Object
SetMotionCoordinationDataType_Encoding_DefaultXml,15516,Object
SetMotionCoordinationParameters,15964,VariableType
SetMotionCoordinationParametersSetDataType,15959,DataType
SetMotionCoordinationParametersSetDataType_Encoding_DefaultBinary,16338,Object
SetMotionCoordinationParametersSetDataType_Encoding_DefaultJson,16626,Object
SetMotionCoordinationParametersSetDataType_Encoding_DefaultXml,16482,Object
SetRobotParametersDataType,15066,DataType
SetRobotParametersDataType_Encoding_DefaultBinary,15157,Object
SetRobotParametersDataType_Encoding_DefaultJson,15877,Object
SetRobotParametersDataType_Encoding_DefaultXml,15517,Object
SetRobotParametersParameters,15940,VariableType
SetRobotParametersParametersSetDataType,15871,DataType
SetRobotParametersParametersSetDataType_Encoding_DefaultBinary,16326,Object
SetRobotParametersParametersSetDataType_Encoding_DefaultJson,16614,Object
SetRobotParametersParametersSetDataType_Encoding_DefaultXml,16470,Object
SetRotAccelDataType,15077,DataType
SetRotAccelDataType_Encoding_DefaultBinary,15168,Object
SetRotAccelDataType_Encoding_DefaultJson,15888,Object
SetRotAccelDataType_Encoding_DefaultXml,15528,Object
SetRotAccelParameters,15952,VariableType
SetRotAccelParametersSetDataType,15947,DataType
SetRotAccelParametersSetDataType_Encoding_DefaultBinary,16332,Object
SetRotAccelParametersSetDataType_Encoding_DefaultJson,16620,Object
SetRotAccelParametersSetDataType_Encoding_DefaultXml,16476,Object
SetRotSpeedDataType,15079,DataType
SetRotSpeedDataType_Encoding_DefaultBinary,15170,Object
SetRotSpeedDataType_Encoding_DefaultJson,15890,Object
SetRotSpeedDataType_Encoding_DefaultXml,15530,Object
SetRotSpeedParameters,15950,VariableType
SetRotSpeedParametersSetDataType,15945,DataType
SetRotSpeedParametersSetDataType_Encoding_DefaultBinary,16331,Object
SetRotSpeedParametersSetDataType_Encoding_DefaultJson,16619,Object
SetRotSpeedParametersSetDataType_Encoding_DefaultXml,16475,Object
SetTorqueUnitsDataType,15067,DataType
SetTorqueUnitsDataType_Encoding_DefaultBinary,15158,Object
SetTorqueUnitsDataType_Encoding_DefaultJson,15878,Object
SetTorqueUnitsDataType_Encoding_DefaultXml,15518,Object
SetTorqueUnitsParameters,15966,VariableType
SetTorqueUnitsParametersSetDataType,15961,DataType
SetTorqueUnitsParametersSetDataType_Encoding_DefaultBinary,16339,Object
SetTorqueUnitsParametersSetDataType_Encoding_DefaultJson,16627,Object
SetTorqueUnitsParametersSetDataType_Encoding_DefaultXml,16483,Object
SetTransAccelDataType,15078,DataType
SetTransAccelDataType_Encoding_DefaultBinary,15169,Object
SetTransAccelDataType_Encoding_DefaultJson,15889,Object
SetTransAccelDataType_Encoding_DefaultXml,15529,Object
SetTransAccelParameters,15948,VariableType
SetTransAccelParametersSetDataType,15943,DataType
SetTransAccelParametersSetDataType_Encoding_DefaultBinary,16330,Object
SetTransAccelParametersSetDataType_Encoding_DefaultJson,16618,Object
SetTransAccelParametersSetDataType_Encoding_DefaultXml,16474,Object
SetTransSpeedDataType,15080,DataType
SetTransSpeedDataType_Encoding_DefaultBinary,15171,Object
SetTransSpeedDataType_Encoding_DefaultJson,15891,Object
SetTransSpeedDataType_Encoding_DefaultXml,15531,Object
SetTransSpeedParameters,15946,VariableType
SetTransSpeedParametersSetDataType,15941,DataType
SetTransSpeedParametersSetDataType_Encoding_DefaultBinary,16329,Object
SetTransSpeedParametersSetDataType_Encoding_DefaultJson,16617,Object
SetTransSpeedParametersSetDataType_Encoding_DefaultXml,16473,Object
StopMotionDataType,15068,DataType
StopMotionDataType_Encoding_DefaultBinary,15159,Object
StopMotionDataType_Encoding_DefaultJson,15879,Object
StopMotionDataType_Encoding_DefaultXml,15519,Object
StopMotionParameters,15968,VariableType
StopMotionParametersSetDataType,15963,DataType
StopMotionParametersSetDataType_Encoding_DefaultBinary,16340,Object
StopMotionParametersSetDataType_Encoding_DefaultJson,16628,Object
StopMotionParametersSetDataType_Encoding_DefaultXml,16484,Object
