ActuateJointDataType,15032,DataType
ActuateJointDataType_Encoding_DefaultBinary,15492,Object
ActuateJointDataType_Encoding_DefaultJson,15959,Object
ActuateJointDataType_Encoding_DefaultXml,15939,Object
ActuateJointsDataType,15048,DataType
ActuateJointsDataType_Encoding_DefaultBinary,15142,Object
ActuateJointsDataType_Encoding_DefaultJson,15870,Object
ActuateJointsDataType_Encoding_DefaultXml,15506,Object
CloseToolChangerDataType,15050,DataType
CloseToolChangerDataType_Encoding_DefaultBinary,15144,Object
CloseToolChangerDataType_Encoding_DefaultJson,15872,Object
CloseToolChangerDataType_Encoding_DefaultXml,15508,Object
ConfigureJointReportsDataType,15268,DataType
ConfigureJointReportsDataType_Encoding_DefaultBinary,15856,Object
ConfigureJointReportsDataType_Encoding_DefaultJson,15963,Object
ConfigureJointReportsDataType_Encoding_DefaultXml,15943,Object
ConfigureStatusReportDataType,15069,DataType
ConfigureStatusReportDataType_Encoding_DefaultBinary,15163,Object
ConfigureStatusReportDataType_Encoding_DefaultJson,15891,Object
ConfigureStatusReportDataType_Encoding_DefaultXml,15527,Object
CRCL_AngleUnitEnumDataType,15002,DataType
CRCL_BinarySchema,15196,Variable
CRCL_CommandStateEnumDataType,15083,DataType
CRCL_CommandStatusDataType,15085,DataType
CRCL_CommandStatusDataType_Encoding_DefaultBinary,15177,Object
CRCL_CommandStatusDataType_Encoding_DefaultJson,15905,Object
CRCL_CommandStatusDataType_Encoding_DefaultXml,15541,Object
CRCL_ConfigureJointReportDataType,15105,DataType
CRCL_ConfigureJointReportDataType_Encoding_DefaultBinary,15195,Object
CRCL_ConfigureJointReportDataType_Encoding_DefaultJson,15923,Object
CRCL_ConfigureJointReportDataType_Encoding_DefaultXml,15559,Object
CRCL_CountSensorStatusDataType,15087,DataType
CRCL_CountSensorStatusDataType_Encoding_DefaultBinary,15179,Object
CRCL_CountSensorStatusDataType_Encoding_DefaultJson,15907,Object
CRCL_CountSensorStatusDataType_Encoding_DefaultXml,15543,Object
CRCL_DataThingDataType,15009,DataType
CRCL_DataThingDataType_Encoding_DefaultBinary,15108,Object
CRCL_DataThingDataType_Encoding_DefaultJson,15836,Object
CRCL_DataThingDataType_Encoding_DefaultXml,15472,Object
CRCL_ForceTorqueSensorStatusDataType,15090,DataType
CRCL_ForceTorqueSensorStatusDataType_Encoding_DefaultBinary,15182,Object
CRCL_ForceTorqueSensorStatusDataType_Encoding_DefaultJson,15910,Object
CRCL_ForceTorqueSensorStatusDataType_Encoding_DefaultXml,15546,Object
CRCL_ForceUnitEnumDataType,15004,DataType
CRCL_FractionDataType,15006,DataType
CRCL_FractionDataType_Encoding_DefaultBinary,15107,Object
CRCL_FractionDataType_Encoding_DefaultJson,15835,Object
CRCL_FractionDataType_Encoding_DefaultXml,15471,Object
CRCL_GripperStatusDataType,15092,DataType
CRCL_GripperStatusDataType_Encoding_DefaultBinary,15184,Object
CRCL_GripperStatusDataType_Encoding_DefaultJson,15912,Object
CRCL_GripperStatusDataType_Encoding_DefaultXml,15548,Object
CRCL_GuardDataType,15036,DataType
CRCL_GuardDataType_Encoding_DefaultBinary,15130,Object
CRCL_GuardDataType_Encoding_DefaultJson,15858,Object
CRCL_GuardDataType_Encoding_DefaultXml,15494,Object
CRCL_GuardLimitEnumDataType,15034,DataType
CRCL_JointDetailsDataType,15044,DataType
CRCL_JointDetailsDataType_Encoding_DefaultBinary,15138,Object
CRCL_JointDetailsDataType_Encoding_DefaultJson,15866,Object
CRCL_JointDetailsDataType_Encoding_DefaultXml,15502,Object
CRCL_JointForceTorqueDataType,15128,DataType
CRCL_JointForceTorqueDataType_Encoding_DefaultBinary,15630,Object
CRCL_JointForceTorqueDataType_Encoding_DefaultJson,15960,Object
CRCL_JointForceTorqueDataType_Encoding_DefaultXml,15940,Object
CRCL_JointLimitDataType,15098,DataType
CRCL_JointLimitDataType_Encoding_DefaultBinary,15190,Object
CRCL_JointLimitDataType_Encoding_DefaultJson,15918,Object
CRCL_JointLimitDataType_Encoding_DefaultXml,15554,Object
CRCL_JointPositionsTolerancesDataType,15038,DataType
CRCL_JointPositionsTolerancesDataType_Encoding_DefaultBinary,15132,Object
CRCL_JointPositionsTolerancesDataType_Encoding_DefaultJson,15860,Object
CRCL_JointPositionsTolerancesDataType_Encoding_DefaultXml,15496,Object
CRCL_JointPositionToleranceSettingDataType,15037,DataType
CRCL_JointPositionToleranceSettingDataType_Encoding_DefaultBinary,15131,Object
CRCL_JointPositionToleranceSettingDataType_Encoding_DefaultJson,15859,Object
CRCL_JointPositionToleranceSettingDataType_Encoding_DefaultXml,15495,Object
CRCL_JointSpeedAccelDataType,15266,DataType
CRCL_JointSpeedAccelDataType_Encoding_DefaultBinary,15631,Object
CRCL_JointSpeedAccelDataType_Encoding_DefaultJson,15961,Object
CRCL_JointSpeedAccelDataType_Encoding_DefaultXml,15941,Object
CRCL_JointStatusDataType,15099,DataType
CRCL_JointStatusDataType_Encoding_DefaultBinary,15191,Object
CRCL_JointStatusDataType_Encoding_DefaultJson,15919,Object
CRCL_JointStatusDataType_Encoding_DefaultXml,15555,Object
CRCL_JointStatusesDataType,15100,DataType
CRCL_JointStatusesDataType_Encoding_DefaultBinary,15192,Object
CRCL_JointStatusesDataType_Encoding_DefaultJson,15920,Object
CRCL_JointStatusesDataType_Encoding_DefaultXml,15556,Object
CRCL_LengthUnitEnumDataType,15007,DataType
CRCL_OnOffSensorStatusDataType,15088,DataType
CRCL_OnOffSensorStatusDataType_Encoding_DefaultBinary,15180,Object
CRCL_OnOffSensorStatusDataType_Encoding_DefaultJson,15908,Object
CRCL_OnOffSensorStatusDataType_Encoding_DefaultXml,15544,Object
CRCL_ParallelGripperStatusDataType,15093,DataType
CRCL_ParallelGripperStatusDataType_Encoding_DefaultBinary,15185,Object
CRCL_ParallelGripperStatusDataType_Encoding_DefaultJson,15913,Object
CRCL_ParallelGripperStatusDataType_Encoding_DefaultXml,15549,Object
CRCL_ParameterSettingDataType,15020,DataType
CRCL_ParameterSettingDataType_Encoding_DefaultBinary,15116,Object
CRCL_ParameterSettingDataType_Encoding_DefaultJson,15844,Object
CRCL_ParameterSettingDataType_Encoding_DefaultXml,15480,Object
CRCL_PointDataType,15011,DataType
CRCL_PointDataType_Encoding_DefaultBinary,15110,Object
CRCL_PointDataType_Encoding_DefaultJson,15838,Object
CRCL_PointDataType_Encoding_DefaultXml,15474,Object
CRCL_PoseAndSetDataType,15039,DataType
CRCL_PoseAndSetDataType_Encoding_DefaultBinary,15133,Object
CRCL_PoseAndSetDataType_Encoding_DefaultJson,15861,Object
CRCL_PoseAndSetDataType_Encoding_DefaultXml,15497,Object
CRCL_PoseDataType,15013,DataType
CRCL_PoseDataType_Encoding_DefaultBinary,15112,Object
CRCL_PoseDataType_Encoding_DefaultJson,15840,Object
CRCL_PoseDataType_Encoding_DefaultXml,15476,Object
CRCL_PoseStatusDataType,15097,DataType
CRCL_PoseStatusDataType_Encoding_DefaultBinary,15189,Object
CRCL_PoseStatusDataType_Encoding_DefaultJson,15917,Object
CRCL_PoseStatusDataType_Encoding_DefaultXml,15553,Object
CRCL_PoseToleranceDataType,15019,DataType
CRCL_PoseToleranceDataType_Encoding_DefaultBinary,15115,Object
CRCL_PoseToleranceDataType_Encoding_DefaultJson,15843,Object
CRCL_PoseToleranceDataType_Encoding_DefaultXml,15479,Object
CRCL_PositiveDecimalDataType,15014,DataType
CRCL_RotAccelAbsoluteDataType,15022,DataType
CRCL_RotAccelAbsoluteDataType_Encoding_DefaultBinary,15118,Object
CRCL_RotAccelAbsoluteDataType_Encoding_DefaultJson,15846,Object
CRCL_RotAccelAbsoluteDataType_Encoding_DefaultXml,15482,Object
CRCL_RotAccelDataType,15021,DataType
CRCL_RotAccelDataType_Encoding_DefaultBinary,15117,Object
CRCL_RotAccelDataType_Encoding_DefaultJson,15845,Object
CRCL_RotAccelDataType_Encoding_DefaultXml,15481,Object
CRCL_RotAccelRelativeDataType,15023,DataType
CRCL_RotAccelRelativeDataType_Encoding_DefaultBinary,15119,Object
CRCL_RotAccelRelativeDataType_Encoding_DefaultJson,15847,Object
CRCL_RotAccelRelativeDataType_Encoding_DefaultXml,15483,Object
CRCL_RotSpeedAbsoluteDataType,15025,DataType
CRCL_RotSpeedAbsoluteDataType_Encoding_DefaultBinary,15121,Object
CRCL_RotSpeedAbsoluteDataType_Encoding_DefaultJson,15849,Object
CRCL_RotSpeedAbsoluteDataType_Encoding_DefaultXml,15485,Object
CRCL_RotSpeedDataType,15024,DataType
CRCL_RotSpeedDataType_Encoding_DefaultBinary,15120,Object
CRCL_RotSpeedDataType_Encoding_DefaultJson,15848,Object
CRCL_RotSpeedDataType_Encoding_DefaultXml,15484,Object
CRCL_RotSpeedRelativeDataType,15026,DataType
CRCL_RotSpeedRelativeDataType_Encoding_DefaultBinary,15122,Object
CRCL_RotSpeedRelativeDataType_Encoding_DefaultJson,15850,Object
CRCL_RotSpeedRelativeDataType_Encoding_DefaultXml,15486,Object
CRCL_ScalarSensorStatusDataType,15089,DataType
CRCL_ScalarSensorStatusDataType_Encoding_DefaultBinary,15181,Object
CRCL_ScalarSensorStatusDataType_Encoding_DefaultJson,15909,Object
CRCL_ScalarSensorStatusDataType_Encoding_DefaultXml,15545,Object
CRCL_SensorStatusDataType,15086,DataType
CRCL_SensorStatusDataType_Encoding_DefaultBinary,15178,Object
CRCL_SensorStatusDataType_Encoding_DefaultJson,15906,Object
CRCL_SensorStatusDataType_Encoding_DefaultXml,15542,Object
CRCL_SensorStatusesDataType,15091,DataType
CRCL_SensorStatusesDataType_Encoding_DefaultBinary,15183,Object
CRCL_SensorStatusesDataType_Encoding_DefaultJson,15911,Object
CRCL_SensorStatusesDataType_Encoding_DefaultXml,15547,Object
CRCL_SettingsStatusDataType,15096,DataType
CRCL_SettingsStatusDataType_Encoding_DefaultBinary,15188,Object
CRCL_SettingsStatusDataType_Encoding_DefaultJson,15916,Object
CRCL_SettingsStatusDataType_Encoding_DefaultXml,15552,Object
CRCL_StopConditionEnumDataType,15103,DataType
CRCL_ThreeFingerGripperStatusDataType,15094,DataType
CRCL_ThreeFingerGripperStatusDataType_Encoding_DefaultBinary,15186,Object
CRCL_ThreeFingerGripperStatusDataType_Encoding_DefaultJson,15914,Object
CRCL_ThreeFingerGripperStatusDataType_Encoding_DefaultXml,15550,Object
CRCL_TorqueUnitEnumDataType,15015,DataType
CRCL_TransAccelAbsoluteDataType,15028,DataType
CRCL_TransAccelAbsoluteDataType_Encoding_DefaultBinary,15124,Object
CRCL_TransAccelAbsoluteDataType_Encoding_DefaultJson,15852,Object
CRCL_TransAccelAbsoluteDataType_Encoding_DefaultXml,15488,Object
CRCL_TransAccelDataType,15027,DataType
CRCL_TransAccelDataType_Encoding_DefaultBinary,15123,Object
CRCL_TransAccelDataType_Encoding_DefaultJson,15851,Object
CRCL_TransAccelDataType_Encoding_DefaultXml,15487,Object
CRCL_TransAccelRelativeDataType,15029,DataType
CRCL_TransAccelRelativeDataType_Encoding_DefaultBinary,15125,Object
CRCL_TransAccelRelativeDataType_Encoding_DefaultJson,15853,Object
CRCL_TransAccelRelativeDataType_Encoding_DefaultXml,15489,Object
CRCL_TransSpeedAbsoluteDataType,15030,DataType
CRCL_TransSpeedAbsoluteDataType_Encoding_DefaultBinary,15126,Object
CRCL_TransSpeedAbsoluteDataType_Encoding_DefaultJson,15854,Object
CRCL_TransSpeedAbsoluteDataType_Encoding_DefaultXml,15490,Object
CRCL_TransSpeedDataType,15033,DataType
CRCL_TransSpeedDataType_Encoding_DefaultBinary,15129,Object
CRCL_TransSpeedDataType_Encoding_DefaultJson,15857,Object
CRCL_TransSpeedDataType_Encoding_DefaultXml,15493,Object
CRCL_TransSpeedRelativeDataType,15031,DataType
CRCL_TransSpeedRelativeDataType_Encoding_DefaultBinary,15127,Object
CRCL_TransSpeedRelativeDataType_Encoding_DefaultJson,15855,Object
CRCL_TransSpeedRelativeDataType_Encoding_DefaultXml,15491,Object
CRCL_TwistDataType,15017,DataType
CRCL_TwistDataType_Encoding_DefaultBinary,15113,Object
CRCL_TwistDataType_Encoding_DefaultJson,15841,Object
CRCL_TwistDataType_Encoding_DefaultXml,15477,Object
CRCL_VacuumGripperStatusDataType,15095,DataType
CRCL_VacuumGripperStatusDataType_Encoding_DefaultBinary,15187,Object
CRCL_VacuumGripperStatusDataType_Encoding_DefaultJson,15915,Object
CRCL_VacuumGripperStatusDataType_Encoding_DefaultXml,15551,Object
CRCL_VectorDataType,15012,DataType
CRCL_VectorDataType_Encoding_DefaultBinary,15111,Object
CRCL_VectorDataType_Encoding_DefaultJson,15839,Object
CRCL_VectorDataType_Encoding_DefaultXml,15475,Object
CRCL_WrenchDataType,15018,DataType
CRCL_WrenchDataType_Encoding_DefaultBinary,15114,Object
CRCL_WrenchDataType_Encoding_DefaultJson,15842,Object
CRCL_WrenchDataType_Encoding_DefaultXml,15478,Object
CRCL_XmlSchema,15560,Variable
CRCLCommandDataType,15040,DataType
CRCLCommandDataType_Encoding_DefaultBinary,15134,Object
CRCLCommandDataType_Encoding_DefaultJson,15862,Object
CRCLCommandDataType_Encoding_DefaultXml,15498,Object
CRCLCommandsUnionDataType,15102,DataType
CRCLCommandsUnionDataType_Encoding_DefaultBinary,15194,Object
CRCLCommandsUnionDataType_Encoding_DefaultJson,15922,Object
CRCLCommandsUnionDataType_Encoding_DefaultXml,15558,Object
CRCLSkillDataType,15074,DataType
CRCLSkillDataType_Encoding_DefaultBinary,15168,Object
CRCLSkillDataType_Encoding_DefaultJson,15896,Object
CRCLSkillDataType_Encoding_DefaultXml,15532,Object
CRCLStatusDataType,15101,DataType
CRCLStatusDataType_Encoding_DefaultBinary,15193,Object
CRCLStatusDataType_Encoding_DefaultJson,15921,Object
CRCLStatusDataType_Encoding_DefaultXml,15557,Object
DisableGripperDataType,15073,DataType
DisableGripperDataType_Encoding_DefaultBinary,15167,Object
DisableGripperDataType_Encoding_DefaultJson,15895,Object
DisableGripperDataType_Encoding_DefaultXml,15531,Object
DisableRobotParameterStatusDataType,15076,DataType
DisableRobotParameterStatusDataType_Encoding_DefaultBinary,15170,Object
DisableRobotParameterStatusDataType_Encoding_DefaultJson,15898,Object
DisableRobotParameterStatusDataType_Encoding_DefaultXml,15534,Object
DisableSensorDataType,15071,DataType
DisableSensorDataType_Encoding_DefaultBinary,15165,Object
DisableSensorDataType_Encoding_DefaultJson,15893,Object
DisableSensorDataType_Encoding_DefaultXml,15529,Object
DwellDataType,15051,DataType
DwellDataType_Encoding_DefaultBinary,15145,Object
DwellDataType_Encoding_DefaultJson,15873,Object
DwellDataType_Encoding_DefaultXml,15509,Object
EnableGripperDataType,15072,DataType
EnableGripperDataType_Encoding_DefaultBinary,15166,Object
EnableGripperDataType_Encoding_DefaultJson,15894,Object
EnableGripperDataType_Encoding_DefaultXml,15530,Object
EnableRobotParameterStatusDataType,15075,DataType
EnableRobotParameterStatusDataType_Encoding_DefaultBinary,15169,Object
EnableRobotParameterStatusDataType_Encoding_DefaultJson,15897,Object
EnableRobotParameterStatusDataType_Encoding_DefaultXml,15533,Object
EnableSensorDataType,15070,DataType
EnableSensorDataType_Encoding_DefaultBinary,15164,Object
EnableSensorDataType_Encoding_DefaultJson,15892,Object
EnableSensorDataType_Encoding_DefaultXml,15528,Object
EndCanonDataType,15042,DataType
EndCanonDataType_Encoding_DefaultBinary,15136,Object
EndCanonDataType_Encoding_DefaultJson,15864,Object
EndCanonDataType_Encoding_DefaultXml,15500,Object
GetStatusDataType,15052,DataType
GetStatusDataType_Encoding_DefaultBinary,15146,Object
GetStatusDataType_Encoding_DefaultJson,15874,Object
GetStatusDataType_Encoding_DefaultXml,15510,Object
InitCanonDataType,15043,DataType
InitCanonDataType_Encoding_DefaultBinary,15137,Object
InitCanonDataType_Encoding_DefaultJson,15865,Object
InitCanonDataType_Encoding_DefaultXml,15501,Object
MessageDataType,15053,DataType
MessageDataType_Encoding_DefaultBinary,15147,Object
MessageDataType_Encoding_DefaultJson,15875,Object
MessageDataType_Encoding_DefaultXml,15511,Object
MiddleCommandDataType,15041,DataType
MiddleCommandDataType_Encoding_DefaultBinary,15135,Object
MiddleCommandDataType_Encoding_DefaultJson,15863,Object
MiddleCommandDataType_Encoding_DefaultXml,15499,Object
MoveScrewDataType,15054,DataType
MoveScrewDataType_Encoding_DefaultBinary,15148,Object
MoveScrewDataType_Encoding_DefaultJson,15876,Object
MoveScrewDataType_Encoding_DefaultXml,15512,Object
MoveThroughToDataType,15055,DataType
MoveThroughToDataType_Encoding_DefaultBinary,15149,Object
MoveThroughToDataType_Encoding_DefaultJson,15877,Object
MoveThroughToDataType_Encoding_DefaultXml,15513,Object
MoveToDataType,15049,DataType
MoveToDataType_Encoding_DefaultBinary,15143,Object
MoveToDataType_Encoding_DefaultJson,15871,Object
MoveToDataType_Encoding_DefaultXml,15507,Object
OpenToolChangerDataType,15056,DataType
OpenToolChangerDataType_Encoding_DefaultBinary,15150,Object
OpenToolChangerDataType_Encoding_DefaultJson,15878,Object
OpenToolChangerDataType_Encoding_DefaultXml,15514,Object
PubSubIPAddresses,15001,DataType
PubSubIPAddresses_Encoding_DefaultBinary,15106,Object
PubSubIPAddresses_Encoding_DefaultJson,15834,Object
PubSubIPAddresses_Encoding_DefaultXml,15470,Object
RunProgramDataType,15057,DataType
RunProgramDataType_Encoding_DefaultBinary,15151,Object
RunProgramDataType_Encoding_DefaultJson,15879,Object
RunProgramDataType_Encoding_DefaultXml,15515,Object
SAMYRobotDataType,15010,DataType
SAMYRobotDataType_Encoding_DefaultBinary,15109,Object
SAMYRobotDataType_Encoding_DefaultJson,15837,Object
SAMYRobotDataType_Encoding_DefaultXml,15473,Object
SetAngleUnitsDataType,15058,DataType
SetAngleUnitsDataType_Encoding_DefaultBinary,15152,Object
SetAngleUnitsDataType_Encoding_DefaultJson,15880,Object
SetAngleUnitsDataType_Encoding_DefaultXml,15516,Object
SetDefaultJointPositionsTolerancesDataType,15267,DataType
SetDefaultJointPositionsTolerancesDataType_Encoding_DefaultBinary,15632,Object
SetDefaultJointPositionsTolerancesDataType_Encoding_DefaultJson,15962,Object
SetDefaultJointPositionsTolerancesDataType_Encoding_DefaultXml,15942,Object
SetEndEffectorDataType,15060,DataType
SetEndEffectorDataType_Encoding_DefaultBinary,15154,Object
SetEndEffectorDataType_Encoding_DefaultJson,15882,Object
SetEndEffectorDataType_Encoding_DefaultXml,15518,Object
SetEndEffectorParametersDataType,15059,DataType
SetEndEffectorParametersDataType_Encoding_DefaultBinary,15153,Object
SetEndEffectorParametersDataType_Encoding_DefaultJson,15881,Object
SetEndEffectorParametersDataType_Encoding_DefaultXml,15517,Object
SetEndPoseToleranceDataType,15061,DataType
SetEndPoseToleranceDataType_Encoding_DefaultBinary,15155,Object
SetEndPoseToleranceDataType_Encoding_DefaultJson,15883,Object
SetEndPoseToleranceDataType_Encoding_DefaultXml,15519,Object
SetForceUnitsDataType,15062,DataType
SetForceUnitsDataType_Encoding_DefaultBinary,15156,Object
SetForceUnitsDataType_Encoding_DefaultJson,15884,Object
SetForceUnitsDataType_Encoding_DefaultXml,15520,Object
SetIntermediatePoseToleranceDataType,15063,DataType
SetIntermediatePoseToleranceDataType_Encoding_DefaultBinary,15157,Object
SetIntermediatePoseToleranceDataType_Encoding_DefaultJson,15885,Object
SetIntermediatePoseToleranceDataType_Encoding_DefaultXml,15521,Object
SetLengthUnitsDataType,15064,DataType
SetLengthUnitsDataType_Encoding_DefaultBinary,15158,Object
SetLengthUnitsDataType_Encoding_DefaultJson,15886,Object
SetLengthUnitsDataType_Encoding_DefaultXml,15522,Object
SetMotionCoordinationDataType,15065,DataType
SetMotionCoordinationDataType_Encoding_DefaultBinary,15159,Object
SetMotionCoordinationDataType_Encoding_DefaultJson,15887,Object
SetMotionCoordinationDataType_Encoding_DefaultXml,15523,Object
SetRobotParametersDataType,15066,DataType
SetRobotParametersDataType_Encoding_DefaultBinary,15160,Object
SetRobotParametersDataType_Encoding_DefaultJson,15888,Object
SetRobotParametersDataType_Encoding_DefaultXml,15524,Object
SetRotAccelDataType,15078,DataType
SetRotAccelDataType_Encoding_DefaultBinary,15172,Object
SetRotAccelDataType_Encoding_DefaultJson,15900,Object
SetRotAccelDataType_Encoding_DefaultXml,15536,Object
SetRotSpeedDataType,15080,DataType
SetRotSpeedDataType_Encoding_DefaultBinary,15174,Object
SetRotSpeedDataType_Encoding_DefaultJson,15902,Object
SetRotSpeedDataType_Encoding_DefaultXml,15538,Object
SetTorqueUnitsDataType,15067,DataType
SetTorqueUnitsDataType_Encoding_DefaultBinary,15161,Object
SetTorqueUnitsDataType_Encoding_DefaultJson,15889,Object
SetTorqueUnitsDataType_Encoding_DefaultXml,15525,Object
SetTransAccelDataType,15079,DataType
SetTransAccelDataType_Encoding_DefaultBinary,15173,Object
SetTransAccelDataType_Encoding_DefaultJson,15901,Object
SetTransAccelDataType_Encoding_DefaultXml,15537,Object
SetTransSpeedDataType,15081,DataType
SetTransSpeedDataType_Encoding_DefaultBinary,15175,Object
SetTransSpeedDataType_Encoding_DefaultJson,15903,Object
SetTransSpeedDataType_Encoding_DefaultXml,15539,Object
StopMotionDataType,15068,DataType
StopMotionDataType_Encoding_DefaultBinary,15162,Object
StopMotionDataType_Encoding_DefaultJson,15890,Object
StopMotionDataType_Encoding_DefaultXml,15526,Object
