CRCL_StopConditionEnumDataType,15001,DataType
CRCL_StopConditionEnumDataType_EnumStrings,15002,Variable
CRCL_AngleUnitEnumDataType,15003,DataType
CRCL_AngleUnitEnumDataType_EnumStrings,15004,Variable
CRCL_ForceUnitEnumDataType,15005,DataType
CRCL_ForceUnitEnumDataType_EnumStrings,15006,Variable
CRCL_FractionDataType,15007,DataType
CRCL_LengthUnitEnumDataType,15008,DataType
CRCL_LengthUnitEnumDataType_EnumStrings,15009,Variable
CRCL_DataThingDataType,15010,DataType
CRCL_PointDataType,15011,DataType
CRCL_VectorDataType,15012,DataType
CRCL_PoseDataType,15013,DataType
CRCLCommandsBufferState,15014,DataType
CRCL_TorqueUnitEnumDataType,15015,DataType
CRCL_TorqueUnitEnumDataType_EnumStrings,15016,Variable
CRCL_TwistDataType,15017,DataType
CRCL_WrenchDataType,15018,DataType
CRCL_PoseToleranceDataType,15019,DataType
CRCL_ParameterSettingDataType,15020,DataType
CRCL_RotAccelAbsoluteDataType,15021,DataType
CRCL_RotAccelRelativeDataType,15022,DataType
CRCL_RotAccelDataType,15023,DataType
CRCL_RotSpeedAbsoluteDataType,15024,DataType
CRCL_RotSpeedRelativeDataType,15025,DataType
CRCL_RotSpeedDataType,15026,DataType
CRCL_TransAccelAbsoluteDataType,15027,DataType
CRCL_TransAccelRelativeDataType,15028,DataType
CRCL_TransAccelDataType,15029,DataType
CRCL_TransSpeedAbsoluteDataType,15030,DataType
CRCL_TransSpeedRelativeDataType,15031,DataType
CRCL_TransSpeedDataType,15032,DataType
CRCL_ConfigureJointReportDataType,15033,DataType
CRCL_GuardLimitEnumDataType,15034,DataType
CRCL_GuardLimitEnumDataType_EnumStrings,15035,Variable
CRCL_GuardDataType,15036,DataType
CRCL_JointPositionToleranceSettingDataType,15037,DataType
CRCL_JointPositionsTolerancesDataType,15038,DataType
CRCL_PoseAndSetDataType,15039,DataType
CRCLCommandDataType,15040,DataType
MiddleCommandDataType,15041,DataType
EndCanonDataType,15042,DataType
InitCanonDataType,15043,DataType
CRCL_JointDetailsDataType,15044,DataType
CRCL_ActuateJointDataType,15045,DataType
CRCL_JointForceTorqueDataType,15046,DataType
CRCL_JointSpeedAccelDataType,15047,DataType
ActuateJointsDataType,15048,DataType
MoveToDataType,15049,DataType
CloseToolChangerDataType,15050,DataType
DwellDataType,15051,DataType
GetStatusDataType,15052,DataType
MessageDataType,15053,DataType
MoveScrewDataType,15054,DataType
MoveThroughToDataType,15055,DataType
OpenToolChangerDataType,15056,DataType
RunProgramDataType,15057,DataType
SetAngleUnitsDataType,15058,DataType
SetEndeffectorParametersDataType,15059,DataType
SetEndeffectorDataType,15060,DataType
SetEndPoseToleranceDataType,15061,DataType
SetForceUnitsDataType,15062,DataType
SetIntermediatePoseToleranceDataType,15063,DataType
SetLengthUnitsDataType,15064,DataType
SetMotionCoordinationDataType,15065,DataType
SetRobotParametersDataType,15066,DataType
SetTorqueUnitsDataType,15067,DataType
StopMotionDataType,15068,DataType
ConfigureStatusReportDataType,15069,DataType
EnableSensorDataType,15070,DataType
DisableSensorDataType,15071,DataType
EnableGripperDataType,15072,DataType
DisableGripperDataType,15073,DataType
EnableRobotParameterStatusDataType,15074,DataType
DisableRobotParameterStatusDataType,15075,DataType
SetDefaultJointPositionsTolerancesDataType,15076,DataType
SetRotAccelDataType,15077,DataType
SetTransAccelDataType,15078,DataType
SetRotSpeedDataType,15079,DataType
SetTransSpeedDataType,15080,DataType
ConfigureJointReportsDataType,15081,DataType
CRCL_CommandStateEnumDataType,15082,DataType
CRCL_CommandStateEnumDataType_EnumStrings,15083,Variable
CRCL_CommandStatusDataType,15084,DataType
CRCL_SensorStatusDataType,15085,DataType
CRCL_CountSensorStatusDataType,15086,DataType
CRCL_OnOffSensorStatusDataType,15087,DataType
CRCL_ScalarSensorStatusDataType,15088,DataType
CRCL_ForceTorqueSensorStatusDataType,15089,DataType
CRCL_SensorStatusesDataType,15090,DataType
CRCL_GripperStatusDataType,15091,DataType
CRCL_ParallelGripperStatusDataType,15092,DataType
CRCL_ThreeFingerGripperStatusDataType,15093,DataType
CRCL_VacuumGripperStatusDataType,15094,DataType
CRCL_SettingsStatusDataType,15095,DataType
CRCL_PoseStatusDataType,15096,DataType
CRCL_JointLimitDataType,15097,DataType
CRCL_JointStatusDataType,15098,DataType
CRCL_JointStatusesDataType,15099,DataType
CRCLStatusDataType,15100,DataType
CRCLCommandParamsSetDataType,15101,DataType
InitCanonParamsSetDataType,15102,DataType
CRCLCommandsUnionDataType,15103,DataType
EndCanonParamsSetDataType,15104,DataType
CRCLCommandsParamsSetsBufferDataType,15105,DataType
CRCLCommandsParamsSetsBufferDataType_Encoding_DefaultBinary,15106,Object
CRCL_BinarySchema_CRCLCommandsParamsSetsBufferDataType,15107,Variable
CRCL_BinarySchema_CRCLCommandsParamsSetsBufferDataType_DataTypeVersion,15108,Variable
CRCL_BinarySchema_CRCLCommandsParamsSetsBufferDataType_DictionaryFragment,15109,Variable
CRCLCommandsParamsSetsBufferDataType_Encoding_DefaultXml,15110,Object
CRCL_XmlSchema_CRCLCommandsParamsSetsBufferDataType,15111,Variable
CRCL_XmlSchema_CRCLCommandsParamsSetsBufferDataType_DataTypeVersion,15112,Variable
CRCL_XmlSchema_CRCLCommandsParamsSetsBufferDataType_DictionaryFragment,15113,Variable
CRCLCommandsParamsSetsBufferDataType_Encoding_DefaultJson,15114,Object
CRCLCommandsParamsSetsUnionDataType,15115,DataType
CRCLCommandsParamsSetsUnionDataType_Encoding_DefaultBinary,15116,Object
CRCL_BinarySchema_CRCLCommandsParamsSetsUnionDataType,15117,Variable
CRCL_BinarySchema_CRCLCommandsParamsSetsUnionDataType_DataTypeVersion,15118,Variable
CRCL_BinarySchema_CRCLCommandsParamsSetsUnionDataType_DictionaryFragment,15119,Variable
CRCLCommandsParamsSetsUnionDataType_Encoding_DefaultXml,15120,Object
CRCL_XmlSchema_CRCLCommandsParamsSetsUnionDataType,15121,Variable
CRCL_XmlSchema_CRCLCommandsParamsSetsUnionDataType_DataTypeVersion,15122,Variable
CRCL_XmlSchema_CRCLCommandsParamsSetsUnionDataType_DictionaryFragment,15123,Variable
CRCLCommandsParamsSetsUnionDataType_Encoding_DefaultJson,15124,Object
CRCLCommandsBufferState_EnumStrings,15125,Variable
CRCL_FractionDataType_Encoding_DefaultBinary,15143,Object
CRCL_DataThingDataType_Encoding_DefaultBinary,15144,Object
CRCL_PointDataType_Encoding_DefaultBinary,15145,Object
CRCL_VectorDataType_Encoding_DefaultBinary,15146,Object
CRCL_PoseDataType_Encoding_DefaultBinary,15147,Object
CRCL_TwistDataType_Encoding_DefaultBinary,15148,Object
CRCL_WrenchDataType_Encoding_DefaultBinary,15149,Object
CRCL_PoseToleranceDataType_Encoding_DefaultBinary,15150,Object
CRCL_ParameterSettingDataType_Encoding_DefaultBinary,15151,Object
CRCL_RotAccelAbsoluteDataType_Encoding_DefaultBinary,15152,Object
CRCL_RotAccelRelativeDataType_Encoding_DefaultBinary,15153,Object
CRCL_RotAccelDataType_Encoding_DefaultBinary,15154,Object
CRCL_RotSpeedAbsoluteDataType_Encoding_DefaultBinary,15155,Object
CRCL_RotSpeedRelativeDataType_Encoding_DefaultBinary,15156,Object
CRCL_RotSpeedDataType_Encoding_DefaultBinary,15157,Object
CRCL_TransAccelAbsoluteDataType_Encoding_DefaultBinary,15158,Object
CRCL_TransAccelRelativeDataType_Encoding_DefaultBinary,15159,Object
CRCL_TransAccelDataType_Encoding_DefaultBinary,15160,Object
CRCL_TransSpeedAbsoluteDataType_Encoding_DefaultBinary,15161,Object
CRCL_TransSpeedRelativeDataType_Encoding_DefaultBinary,15162,Object
CRCL_TransSpeedDataType_Encoding_DefaultBinary,15163,Object
CRCL_ConfigureJointReportDataType_Encoding_DefaultBinary,15164,Object
CRCL_GuardDataType_Encoding_DefaultBinary,15165,Object
CRCL_JointPositionToleranceSettingDataType_Encoding_DefaultBinary,15166,Object
CRCL_JointPositionsTolerancesDataType_Encoding_DefaultBinary,15167,Object
CRCL_PoseAndSetDataType_Encoding_DefaultBinary,15168,Object
CRCLCommandDataType_Encoding_DefaultBinary,15169,Object
MiddleCommandDataType_Encoding_DefaultBinary,15170,Object
EndCanonDataType_Encoding_DefaultBinary,15171,Object
InitCanonDataType_Encoding_DefaultBinary,15172,Object
CRCL_JointDetailsDataType_Encoding_DefaultBinary,15173,Object
CRCL_ActuateJointDataType_Encoding_DefaultBinary,15174,Object
CRCL_JointForceTorqueDataType_Encoding_DefaultBinary,15175,Object
CRCL_JointSpeedAccelDataType_Encoding_DefaultBinary,15176,Object
ActuateJointsDataType_Encoding_DefaultBinary,15177,Object
MoveToDataType_Encoding_DefaultBinary,15178,Object
CloseToolChangerDataType_Encoding_DefaultBinary,15179,Object
DwellDataType_Encoding_DefaultBinary,15180,Object
GetStatusDataType_Encoding_DefaultBinary,15181,Object
MessageDataType_Encoding_DefaultBinary,15182,Object
MoveScrewDataType_Encoding_DefaultBinary,15183,Object
MoveThroughToDataType_Encoding_DefaultBinary,15184,Object
OpenToolChangerDataType_Encoding_DefaultBinary,15185,Object
RunProgramDataType_Encoding_DefaultBinary,15186,Object
SetAngleUnitsDataType_Encoding_DefaultBinary,15187,Object
SetEndeffectorParametersDataType_Encoding_DefaultBinary,15188,Object
SetEndeffectorDataType_Encoding_DefaultBinary,15189,Object
SetEndPoseToleranceDataType_Encoding_DefaultBinary,15190,Object
SetForceUnitsDataType_Encoding_DefaultBinary,15191,Object
SetIntermediatePoseToleranceDataType_Encoding_DefaultBinary,15192,Object
SetLengthUnitsDataType_Encoding_DefaultBinary,15193,Object
SetMotionCoordinationDataType_Encoding_DefaultBinary,15194,Object
SetRobotParametersDataType_Encoding_DefaultBinary,15195,Object
SetTorqueUnitsDataType_Encoding_DefaultBinary,15196,Object
StopMotionDataType_Encoding_DefaultBinary,15197,Object
ConfigureStatusReportDataType_Encoding_DefaultBinary,15198,Object
EnableSensorDataType_Encoding_DefaultBinary,15199,Object
DisableSensorDataType_Encoding_DefaultBinary,15200,Object
EnableGripperDataType_Encoding_DefaultBinary,15201,Object
DisableGripperDataType_Encoding_DefaultBinary,15202,Object
EnableRobotParameterStatusDataType_Encoding_DefaultBinary,15203,Object
DisableRobotParameterStatusDataType_Encoding_DefaultBinary,15204,Object
SetDefaultJointPositionsTolerancesDataType_Encoding_DefaultBinary,15205,Object
SetRotAccelDataType_Encoding_DefaultBinary,15206,Object
SetTransAccelDataType_Encoding_DefaultBinary,15207,Object
SetRotSpeedDataType_Encoding_DefaultBinary,15208,Object
SetTransSpeedDataType_Encoding_DefaultBinary,15209,Object
ConfigureJointReportsDataType_Encoding_DefaultBinary,15210,Object
CRCL_CommandStatusDataType_Encoding_DefaultBinary,15211,Object
CRCL_SensorStatusDataType_Encoding_DefaultBinary,15212,Object
CRCL_CountSensorStatusDataType_Encoding_DefaultBinary,15213,Object
CRCL_OnOffSensorStatusDataType_Encoding_DefaultBinary,15214,Object
CRCL_ScalarSensorStatusDataType_Encoding_DefaultBinary,15215,Object
CRCL_ForceTorqueSensorStatusDataType_Encoding_DefaultBinary,15216,Object
CRCL_SensorStatusesDataType_Encoding_DefaultBinary,15217,Object
CRCL_GripperStatusDataType_Encoding_DefaultBinary,15218,Object
CRCL_ParallelGripperStatusDataType_Encoding_DefaultBinary,15219,Object
CRCL_ThreeFingerGripperStatusDataType_Encoding_DefaultBinary,15220,Object
CRCL_VacuumGripperStatusDataType_Encoding_DefaultBinary,15221,Object
CRCL_SettingsStatusDataType_Encoding_DefaultBinary,15222,Object
CRCL_PoseStatusDataType_Encoding_DefaultBinary,15223,Object
CRCL_JointLimitDataType_Encoding_DefaultBinary,15224,Object
CRCL_JointStatusDataType_Encoding_DefaultBinary,15225,Object
CRCL_JointStatusesDataType_Encoding_DefaultBinary,15226,Object
CRCLStatusDataType_Encoding_DefaultBinary,15227,Object
GetStatusParamsSetDataType,15228,DataType
CloseToolChangerParamsSetDataType,15229,DataType
CRCLCommandsUnionDataType_Encoding_DefaultBinary,15230,Object
OpenToolChangerParamsSetDataType,15231,DataType
CRCL_BinarySchema,15268,Variable
CRCL_BinarySchema_DataTypeVersion,15269,Variable
CRCL_BinarySchema_NamespaceUri,15270,Variable
CRCL_BinarySchema_Deprecated,15271,Variable
CRCL_BinarySchema_CRCL_FractionDataType,15272,Variable
CRCL_BinarySchema_CRCL_FractionDataType_DataTypeVersion,15273,Variable
CRCL_BinarySchema_CRCL_FractionDataType_DictionaryFragment,15274,Variable
CRCL_BinarySchema_CRCL_DataThingDataType,15275,Variable
CRCL_BinarySchema_CRCL_DataThingDataType_DataTypeVersion,15276,Variable
CRCL_BinarySchema_CRCL_DataThingDataType_DictionaryFragment,15277,Variable
CRCL_BinarySchema_CRCL_PointDataType,15278,Variable
CRCL_BinarySchema_CRCL_PointDataType_DataTypeVersion,15279,Variable
CRCL_BinarySchema_CRCL_PointDataType_DictionaryFragment,15280,Variable
CRCL_BinarySchema_CRCL_VectorDataType,15281,Variable
CRCL_BinarySchema_CRCL_VectorDataType_DataTypeVersion,15282,Variable
CRCL_BinarySchema_CRCL_VectorDataType_DictionaryFragment,15283,Variable
CRCL_BinarySchema_CRCL_PoseDataType,15284,Variable
CRCL_BinarySchema_CRCL_PoseDataType_DataTypeVersion,15285,Variable
CRCL_BinarySchema_CRCL_PoseDataType_DictionaryFragment,15286,Variable
CRCL_BinarySchema_CRCL_TwistDataType,15287,Variable
CRCL_BinarySchema_CRCL_TwistDataType_DataTypeVersion,15288,Variable
CRCL_BinarySchema_CRCL_TwistDataType_DictionaryFragment,15289,Variable
CRCL_BinarySchema_CRCL_WrenchDataType,15290,Variable
CRCL_BinarySchema_CRCL_WrenchDataType_DataTypeVersion,15291,Variable
CRCL_BinarySchema_CRCL_WrenchDataType_DictionaryFragment,15292,Variable
CRCL_BinarySchema_CRCL_PoseToleranceDataType,15293,Variable
CRCL_BinarySchema_CRCL_PoseToleranceDataType_DataTypeVersion,15294,Variable
CRCL_BinarySchema_CRCL_PoseToleranceDataType_DictionaryFragment,15295,Variable
CRCL_BinarySchema_CRCL_ParameterSettingDataType,15296,Variable
CRCL_BinarySchema_CRCL_ParameterSettingDataType_DataTypeVersion,15297,Variable
CRCL_BinarySchema_CRCL_ParameterSettingDataType_DictionaryFragment,15298,Variable
CRCL_BinarySchema_CRCL_RotAccelAbsoluteDataType,15299,Variable
CRCL_BinarySchema_CRCL_RotAccelAbsoluteDataType_DataTypeVersion,15300,Variable
CRCL_BinarySchema_CRCL_RotAccelAbsoluteDataType_DictionaryFragment,15301,Variable
CRCL_BinarySchema_CRCL_RotAccelRelativeDataType,15302,Variable
CRCL_BinarySchema_CRCL_RotAccelRelativeDataType_DataTypeVersion,15303,Variable
CRCL_BinarySchema_CRCL_RotAccelRelativeDataType_DictionaryFragment,15304,Variable
CRCL_BinarySchema_CRCL_RotAccelDataType,15305,Variable
CRCL_BinarySchema_CRCL_RotAccelDataType_DataTypeVersion,15306,Variable
CRCL_BinarySchema_CRCL_RotAccelDataType_DictionaryFragment,15307,Variable
CRCL_BinarySchema_CRCL_RotSpeedAbsoluteDataType,15308,Variable
CRCL_BinarySchema_CRCL_RotSpeedAbsoluteDataType_DataTypeVersion,15309,Variable
CRCL_BinarySchema_CRCL_RotSpeedAbsoluteDataType_DictionaryFragment,15310,Variable
CRCL_BinarySchema_CRCL_RotSpeedRelativeDataType,15311,Variable
CRCL_BinarySchema_CRCL_RotSpeedRelativeDataType_DataTypeVersion,15312,Variable
CRCL_BinarySchema_CRCL_RotSpeedRelativeDataType_DictionaryFragment,15313,Variable
CRCL_BinarySchema_CRCL_RotSpeedDataType,15314,Variable
CRCL_BinarySchema_CRCL_RotSpeedDataType_DataTypeVersion,15315,Variable
CRCL_BinarySchema_CRCL_RotSpeedDataType_DictionaryFragment,15316,Variable
CRCL_BinarySchema_CRCL_TransAccelAbsoluteDataType,15317,Variable
CRCL_BinarySchema_CRCL_TransAccelAbsoluteDataType_DataTypeVersion,15318,Variable
CRCL_BinarySchema_CRCL_TransAccelAbsoluteDataType_DictionaryFragment,15319,Variable
CRCL_BinarySchema_CRCL_TransAccelRelativeDataType,15320,Variable
CRCL_BinarySchema_CRCL_TransAccelRelativeDataType_DataTypeVersion,15321,Variable
CRCL_BinarySchema_CRCL_TransAccelRelativeDataType_DictionaryFragment,15322,Variable
CRCL_BinarySchema_CRCL_TransAccelDataType,15323,Variable
CRCL_BinarySchema_CRCL_TransAccelDataType_DataTypeVersion,15324,Variable
CRCL_BinarySchema_CRCL_TransAccelDataType_DictionaryFragment,15325,Variable
CRCL_BinarySchema_CRCL_TransSpeedAbsoluteDataType,15326,Variable
CRCL_BinarySchema_CRCL_TransSpeedAbsoluteDataType_DataTypeVersion,15327,Variable
CRCL_BinarySchema_CRCL_TransSpeedAbsoluteDataType_DictionaryFragment,15328,Variable
CRCL_BinarySchema_CRCL_TransSpeedRelativeDataType,15329,Variable
CRCL_BinarySchema_CRCL_TransSpeedRelativeDataType_DataTypeVersion,15330,Variable
CRCL_BinarySchema_CRCL_TransSpeedRelativeDataType_DictionaryFragment,15331,Variable
CRCL_BinarySchema_CRCL_TransSpeedDataType,15332,Variable
CRCL_BinarySchema_CRCL_TransSpeedDataType_DataTypeVersion,15333,Variable
CRCL_BinarySchema_CRCL_TransSpeedDataType_DictionaryFragment,15334,Variable
CRCL_BinarySchema_CRCL_ConfigureJointReportDataType,15335,Variable
CRCL_BinarySchema_CRCL_ConfigureJointReportDataType_DataTypeVersion,15336,Variable
CRCL_BinarySchema_CRCL_ConfigureJointReportDataType_DictionaryFragment,15337,Variable
CRCL_BinarySchema_CRCL_GuardDataType,15338,Variable
CRCL_BinarySchema_CRCL_GuardDataType_DataTypeVersion,15339,Variable
CRCL_BinarySchema_CRCL_GuardDataType_DictionaryFragment,15340,Variable
CRCL_BinarySchema_CRCL_JointPositionToleranceSettingDataType,15341,Variable
CRCL_BinarySchema_CRCL_JointPositionToleranceSettingDataType_DataTypeVersion,15342,Variable
CRCL_BinarySchema_CRCL_JointPositionToleranceSettingDataType_DictionaryFragment,15343,Variable
CRCL_BinarySchema_CRCL_JointPositionsTolerancesDataType,15344,Variable
CRCL_BinarySchema_CRCL_JointPositionsTolerancesDataType_DataTypeVersion,15345,Variable
CRCL_BinarySchema_CRCL_JointPositionsTolerancesDataType_DictionaryFragment,15346,Variable
CRCL_BinarySchema_CRCL_PoseAndSetDataType,15347,Variable
CRCL_BinarySchema_CRCL_PoseAndSetDataType_DataTypeVersion,15348,Variable
CRCL_BinarySchema_CRCL_PoseAndSetDataType_DictionaryFragment,15349,Variable
CRCL_BinarySchema_CRCLCommandDataType,15350,Variable
CRCL_BinarySchema_CRCLCommandDataType_DataTypeVersion,15351,Variable
CRCL_BinarySchema_CRCLCommandDataType_DictionaryFragment,15352,Variable
CRCL_BinarySchema_MiddleCommandDataType,15353,Variable
CRCL_BinarySchema_MiddleCommandDataType_DataTypeVersion,15354,Variable
CRCL_BinarySchema_MiddleCommandDataType_DictionaryFragment,15355,Variable
CRCL_BinarySchema_EndCanonDataType,15356,Variable
CRCL_BinarySchema_EndCanonDataType_DataTypeVersion,15357,Variable
CRCL_BinarySchema_EndCanonDataType_DictionaryFragment,15358,Variable
CRCL_BinarySchema_InitCanonDataType,15359,Variable
CRCL_BinarySchema_InitCanonDataType_DataTypeVersion,15360,Variable
CRCL_BinarySchema_InitCanonDataType_DictionaryFragment,15361,Variable
CRCL_BinarySchema_CRCL_JointDetailsDataType,15362,Variable
CRCL_BinarySchema_CRCL_JointDetailsDataType_DataTypeVersion,15363,Variable
CRCL_BinarySchema_CRCL_JointDetailsDataType_DictionaryFragment,15364,Variable
CRCL_BinarySchema_CRCL_ActuateJointDataType,15365,Variable
CRCL_BinarySchema_CRCL_ActuateJointDataType_DataTypeVersion,15366,Variable
CRCL_BinarySchema_CRCL_ActuateJointDataType_DictionaryFragment,15367,Variable
CRCL_BinarySchema_CRCL_JointForceTorqueDataType,15368,Variable
CRCL_BinarySchema_CRCL_JointForceTorqueDataType_DataTypeVersion,15369,Variable
CRCL_BinarySchema_CRCL_JointForceTorqueDataType_DictionaryFragment,15370,Variable
CRCL_BinarySchema_CRCL_JointSpeedAccelDataType,15371,Variable
CRCL_BinarySchema_CRCL_JointSpeedAccelDataType_DataTypeVersion,15372,Variable
CRCL_BinarySchema_CRCL_JointSpeedAccelDataType_DictionaryFragment,15373,Variable
CRCL_BinarySchema_ActuateJointsDataType,15374,Variable
CRCL_BinarySchema_ActuateJointsDataType_DataTypeVersion,15375,Variable
CRCL_BinarySchema_ActuateJointsDataType_DictionaryFragment,15376,Variable
CRCL_BinarySchema_MoveToDataType,15377,Variable
CRCL_BinarySchema_MoveToDataType_DataTypeVersion,15378,Variable
CRCL_BinarySchema_MoveToDataType_DictionaryFragment,15379,Variable
CRCL_BinarySchema_CloseToolChangerDataType,15380,Variable
CRCL_BinarySchema_CloseToolChangerDataType_DataTypeVersion,15381,Variable
CRCL_BinarySchema_CloseToolChangerDataType_DictionaryFragment,15382,Variable
CRCL_BinarySchema_DwellDataType,15383,Variable
CRCL_BinarySchema_DwellDataType_DataTypeVersion,15384,Variable
CRCL_BinarySchema_DwellDataType_DictionaryFragment,15385,Variable
CRCL_BinarySchema_GetStatusDataType,15386,Variable
CRCL_BinarySchema_GetStatusDataType_DataTypeVersion,15387,Variable
CRCL_BinarySchema_GetStatusDataType_DictionaryFragment,15388,Variable
CRCL_BinarySchema_MessageDataType,15389,Variable
CRCL_BinarySchema_MessageDataType_DataTypeVersion,15390,Variable
CRCL_BinarySchema_MessageDataType_DictionaryFragment,15391,Variable
CRCL_BinarySchema_MoveScrewDataType,15392,Variable
CRCL_BinarySchema_MoveScrewDataType_DataTypeVersion,15393,Variable
CRCL_BinarySchema_MoveScrewDataType_DictionaryFragment,15394,Variable
CRCL_BinarySchema_MoveThroughToDataType,15395,Variable
CRCL_BinarySchema_MoveThroughToDataType_DataTypeVersion,15396,Variable
CRCL_BinarySchema_MoveThroughToDataType_DictionaryFragment,15397,Variable
CRCL_BinarySchema_OpenToolChangerDataType,15398,Variable
CRCL_BinarySchema_OpenToolChangerDataType_DataTypeVersion,15399,Variable
CRCL_BinarySchema_OpenToolChangerDataType_DictionaryFragment,15400,Variable
CRCL_BinarySchema_RunProgramDataType,15401,Variable
CRCL_BinarySchema_RunProgramDataType_DataTypeVersion,15402,Variable
CRCL_BinarySchema_RunProgramDataType_DictionaryFragment,15403,Variable
CRCL_BinarySchema_SetAngleUnitsDataType,15404,Variable
CRCL_BinarySchema_SetAngleUnitsDataType_DataTypeVersion,15405,Variable
CRCL_BinarySchema_SetAngleUnitsDataType_DictionaryFragment,15406,Variable
CRCL_BinarySchema_SetEndeffectorParametersDataType,15407,Variable
CRCL_BinarySchema_SetEndeffectorParametersDataType_DataTypeVersion,15408,Variable
CRCL_BinarySchema_SetEndeffectorParametersDataType_DictionaryFragment,15409,Variable
CRCL_BinarySchema_SetEndeffectorDataType,15410,Variable
CRCL_BinarySchema_SetEndeffectorDataType_DataTypeVersion,15411,Variable
CRCL_BinarySchema_SetEndeffectorDataType_DictionaryFragment,15412,Variable
CRCL_BinarySchema_SetEndPoseToleranceDataType,15413,Variable
CRCL_BinarySchema_SetEndPoseToleranceDataType_DataTypeVersion,15414,Variable
CRCL_BinarySchema_SetEndPoseToleranceDataType_DictionaryFragment,15415,Variable
CRCL_BinarySchema_SetForceUnitsDataType,15416,Variable
CRCL_BinarySchema_SetForceUnitsDataType_DataTypeVersion,15417,Variable
CRCL_BinarySchema_SetForceUnitsDataType_DictionaryFragment,15418,Variable
CRCL_BinarySchema_SetIntermediatePoseToleranceDataType,15419,Variable
CRCL_BinarySchema_SetIntermediatePoseToleranceDataType_DataTypeVersion,15420,Variable
CRCL_BinarySchema_SetIntermediatePoseToleranceDataType_DictionaryFragment,15421,Variable
CRCL_BinarySchema_SetLengthUnitsDataType,15422,Variable
CRCL_BinarySchema_SetLengthUnitsDataType_DataTypeVersion,15423,Variable
CRCL_BinarySchema_SetLengthUnitsDataType_DictionaryFragment,15424,Variable
CRCL_BinarySchema_SetMotionCoordinationDataType,15425,Variable
CRCL_BinarySchema_SetMotionCoordinationDataType_DataTypeVersion,15426,Variable
CRCL_BinarySchema_SetMotionCoordinationDataType_DictionaryFragment,15427,Variable
CRCL_BinarySchema_SetRobotParametersDataType,15428,Variable
CRCL_BinarySchema_SetRobotParametersDataType_DataTypeVersion,15429,Variable
CRCL_BinarySchema_SetRobotParametersDataType_DictionaryFragment,15430,Variable
CRCL_BinarySchema_SetTorqueUnitsDataType,15431,Variable
CRCL_BinarySchema_SetTorqueUnitsDataType_DataTypeVersion,15432,Variable
CRCL_BinarySchema_SetTorqueUnitsDataType_DictionaryFragment,15433,Variable
CRCL_BinarySchema_StopMotionDataType,15434,Variable
CRCL_BinarySchema_StopMotionDataType_DataTypeVersion,15435,Variable
CRCL_BinarySchema_StopMotionDataType_DictionaryFragment,15436,Variable
CRCL_BinarySchema_ConfigureStatusReportDataType,15437,Variable
CRCL_BinarySchema_ConfigureStatusReportDataType_DataTypeVersion,15438,Variable
CRCL_BinarySchema_ConfigureStatusReportDataType_DictionaryFragment,15439,Variable
CRCL_BinarySchema_EnableSensorDataType,15440,Variable
CRCL_BinarySchema_EnableSensorDataType_DataTypeVersion,15441,Variable
CRCL_BinarySchema_EnableSensorDataType_DictionaryFragment,15442,Variable
CRCL_BinarySchema_DisableSensorDataType,15443,Variable
CRCL_BinarySchema_DisableSensorDataType_DataTypeVersion,15444,Variable
CRCL_BinarySchema_DisableSensorDataType_DictionaryFragment,15445,Variable
CRCL_BinarySchema_EnableGripperDataType,15446,Variable
CRCL_BinarySchema_EnableGripperDataType_DataTypeVersion,15447,Variable
CRCL_BinarySchema_EnableGripperDataType_DictionaryFragment,15448,Variable
CRCL_BinarySchema_DisableGripperDataType,15449,Variable
CRCL_BinarySchema_DisableGripperDataType_DataTypeVersion,15450,Variable
CRCL_BinarySchema_DisableGripperDataType_DictionaryFragment,15451,Variable
CRCL_BinarySchema_EnableRobotParameterStatusDataType,15452,Variable
CRCL_BinarySchema_EnableRobotParameterStatusDataType_DataTypeVersion,15453,Variable
CRCL_BinarySchema_EnableRobotParameterStatusDataType_DictionaryFragment,15454,Variable
CRCL_BinarySchema_DisableRobotParameterStatusDataType,15455,Variable
CRCL_BinarySchema_DisableRobotParameterStatusDataType_DataTypeVersion,15456,Variable
CRCL_BinarySchema_DisableRobotParameterStatusDataType_DictionaryFragment,15457,Variable
CRCL_BinarySchema_SetDefaultJointPositionsTolerancesDataType,15458,Variable
CRCL_BinarySchema_SetDefaultJointPositionsTolerancesDataType_DataTypeVersion,15459,Variable
CRCL_BinarySchema_SetDefaultJointPositionsTolerancesDataType_DictionaryFragment,15460,Variable
CRCL_BinarySchema_SetRotAccelDataType,15461,Variable
CRCL_BinarySchema_SetRotAccelDataType_DataTypeVersion,15462,Variable
CRCL_BinarySchema_SetRotAccelDataType_DictionaryFragment,15463,Variable
CRCL_BinarySchema_SetTransAccelDataType,15464,Variable
CRCL_BinarySchema_SetTransAccelDataType_DataTypeVersion,15465,Variable
CRCL_BinarySchema_SetTransAccelDataType_DictionaryFragment,15466,Variable
CRCL_BinarySchema_SetRotSpeedDataType,15467,Variable
CRCL_BinarySchema_SetRotSpeedDataType_DataTypeVersion,15468,Variable
CRCL_BinarySchema_SetRotSpeedDataType_DictionaryFragment,15469,Variable
CRCL_BinarySchema_SetTransSpeedDataType,15470,Variable
CRCL_BinarySchema_SetTransSpeedDataType_DataTypeVersion,15471,Variable
CRCL_BinarySchema_SetTransSpeedDataType_DictionaryFragment,15472,Variable
CRCL_BinarySchema_ConfigureJointReportsDataType,15473,Variable
CRCL_BinarySchema_ConfigureJointReportsDataType_DataTypeVersion,15474,Variable
CRCL_BinarySchema_ConfigureJointReportsDataType_DictionaryFragment,15475,Variable
CRCL_BinarySchema_CRCL_CommandStatusDataType,15476,Variable
CRCL_BinarySchema_CRCL_CommandStatusDataType_DataTypeVersion,15477,Variable
CRCL_BinarySchema_CRCL_CommandStatusDataType_DictionaryFragment,15478,Variable
CRCL_BinarySchema_CRCL_SensorStatusDataType,15479,Variable
CRCL_BinarySchema_CRCL_SensorStatusDataType_DataTypeVersion,15480,Variable
CRCL_BinarySchema_CRCL_SensorStatusDataType_DictionaryFragment,15481,Variable
CRCL_BinarySchema_CRCL_CountSensorStatusDataType,15482,Variable
CRCL_BinarySchema_CRCL_CountSensorStatusDataType_DataTypeVersion,15483,Variable
CRCL_BinarySchema_CRCL_CountSensorStatusDataType_DictionaryFragment,15484,Variable
CRCL_BinarySchema_CRCL_OnOffSensorStatusDataType,15485,Variable
CRCL_BinarySchema_CRCL_OnOffSensorStatusDataType_DataTypeVersion,15486,Variable
CRCL_BinarySchema_CRCL_OnOffSensorStatusDataType_DictionaryFragment,15487,Variable
CRCL_BinarySchema_CRCL_ScalarSensorStatusDataType,15488,Variable
CRCL_BinarySchema_CRCL_ScalarSensorStatusDataType_DataTypeVersion,15489,Variable
CRCL_BinarySchema_CRCL_ScalarSensorStatusDataType_DictionaryFragment,15490,Variable
CRCL_BinarySchema_CRCL_ForceTorqueSensorStatusDataType,15491,Variable
CRCL_BinarySchema_CRCL_ForceTorqueSensorStatusDataType_DataTypeVersion,15492,Variable
CRCL_BinarySchema_CRCL_ForceTorqueSensorStatusDataType_DictionaryFragment,15493,Variable
CRCL_BinarySchema_CRCL_SensorStatusesDataType,15494,Variable
CRCL_BinarySchema_CRCL_SensorStatusesDataType_DataTypeVersion,15495,Variable
CRCL_BinarySchema_CRCL_SensorStatusesDataType_DictionaryFragment,15496,Variable
CRCL_BinarySchema_CRCL_GripperStatusDataType,15497,Variable
CRCL_BinarySchema_CRCL_GripperStatusDataType_DataTypeVersion,15498,Variable
CRCL_BinarySchema_CRCL_GripperStatusDataType_DictionaryFragment,15499,Variable
CRCL_BinarySchema_CRCL_ParallelGripperStatusDataType,15500,Variable
CRCL_BinarySchema_CRCL_ParallelGripperStatusDataType_DataTypeVersion,15501,Variable
CRCL_BinarySchema_CRCL_ParallelGripperStatusDataType_DictionaryFragment,15502,Variable
CRCL_BinarySchema_CRCL_ThreeFingerGripperStatusDataType,15503,Variable
CRCL_BinarySchema_CRCL_ThreeFingerGripperStatusDataType_DataTypeVersion,15504,Variable
CRCL_BinarySchema_CRCL_ThreeFingerGripperStatusDataType_DictionaryFragment,15505,Variable
CRCL_BinarySchema_CRCL_VacuumGripperStatusDataType,15506,Variable
CRCL_BinarySchema_CRCL_VacuumGripperStatusDataType_DataTypeVersion,15507,Variable
CRCL_BinarySchema_CRCL_VacuumGripperStatusDataType_DictionaryFragment,15508,Variable
CRCL_BinarySchema_CRCL_SettingsStatusDataType,15509,Variable
CRCL_BinarySchema_CRCL_SettingsStatusDataType_DataTypeVersion,15510,Variable
CRCL_BinarySchema_CRCL_SettingsStatusDataType_DictionaryFragment,15511,Variable
CRCL_BinarySchema_CRCL_PoseStatusDataType,15512,Variable
CRCL_BinarySchema_CRCL_PoseStatusDataType_DataTypeVersion,15513,Variable
CRCL_BinarySchema_CRCL_PoseStatusDataType_DictionaryFragment,15514,Variable
CRCL_BinarySchema_CRCL_JointLimitDataType,15515,Variable
CRCL_BinarySchema_CRCL_JointLimitDataType_DataTypeVersion,15516,Variable
CRCL_BinarySchema_CRCL_JointLimitDataType_DictionaryFragment,15517,Variable
CRCL_BinarySchema_CRCL_JointStatusDataType,15518,Variable
CRCL_BinarySchema_CRCL_JointStatusDataType_DataTypeVersion,15519,Variable
CRCL_BinarySchema_CRCL_JointStatusDataType_DictionaryFragment,15520,Variable
CRCL_BinarySchema_CRCL_JointStatusesDataType,15521,Variable
CRCL_BinarySchema_CRCL_JointStatusesDataType_DataTypeVersion,15522,Variable
CRCL_BinarySchema_CRCL_JointStatusesDataType_DictionaryFragment,15523,Variable
CRCL_BinarySchema_CRCLStatusDataType,15524,Variable
CRCL_BinarySchema_CRCLStatusDataType_DataTypeVersion,15525,Variable
CRCL_BinarySchema_CRCLStatusDataType_DictionaryFragment,15526,Variable
MessageParamsSetDataType,15527,DataType
MoveToParamsSetDataType,15528,DataType
MoveScrewParamsSetDataType,15529,DataType
MoveThroughToParamsSetDataType,15530,DataType
DwellParamsSetDataType,15531,DataType
ActuateJointsParamsSetDataType,15532,DataType
CRCL_BinarySchema_CRCLCommandsUnionDataType,15533,Variable
CRCL_BinarySchema_CRCLCommandsUnionDataType_DataTypeVersion,15534,Variable
CRCL_BinarySchema_CRCLCommandsUnionDataType_DictionaryFragment,15535,Variable
ConfigureJointReportsParamsSetDataType,15536,DataType
SetDefaultJointPositionsTolerancesParamsSetDataType,15537,DataType
SetRobotParametersParamsSetDataType,15538,DataType
CRCL_FractionDataType_Encoding_DefaultXml,15647,Object
CRCL_DataThingDataType_Encoding_DefaultXml,15648,Object
CRCL_PointDataType_Encoding_DefaultXml,15649,Object
CRCL_VectorDataType_Encoding_DefaultXml,15650,Object
CRCL_PoseDataType_Encoding_DefaultXml,15651,Object
CRCL_TwistDataType_Encoding_DefaultXml,15652,Object
CRCL_WrenchDataType_Encoding_DefaultXml,15653,Object
CRCL_PoseToleranceDataType_Encoding_DefaultXml,15654,Object
CRCL_ParameterSettingDataType_Encoding_DefaultXml,15655,Object
CRCL_RotAccelAbsoluteDataType_Encoding_DefaultXml,15656,Object
CRCL_RotAccelRelativeDataType_Encoding_DefaultXml,15657,Object
CRCL_RotAccelDataType_Encoding_DefaultXml,15658,Object
CRCL_RotSpeedAbsoluteDataType_Encoding_DefaultXml,15659,Object
CRCL_RotSpeedRelativeDataType_Encoding_DefaultXml,15660,Object
CRCL_RotSpeedDataType_Encoding_DefaultXml,15661,Object
CRCL_TransAccelAbsoluteDataType_Encoding_DefaultXml,15662,Object
CRCL_TransAccelRelativeDataType_Encoding_DefaultXml,15663,Object
CRCL_TransAccelDataType_Encoding_DefaultXml,15664,Object
CRCL_TransSpeedAbsoluteDataType_Encoding_DefaultXml,15665,Object
CRCL_TransSpeedRelativeDataType_Encoding_DefaultXml,15666,Object
CRCL_TransSpeedDataType_Encoding_DefaultXml,15667,Object
CRCL_ConfigureJointReportDataType_Encoding_DefaultXml,15668,Object
CRCL_GuardDataType_Encoding_DefaultXml,15669,Object
CRCL_JointPositionToleranceSettingDataType_Encoding_DefaultXml,15670,Object
CRCL_JointPositionsTolerancesDataType_Encoding_DefaultXml,15671,Object
CRCL_PoseAndSetDataType_Encoding_DefaultXml,15672,Object
CRCLCommandDataType_Encoding_DefaultXml,15673,Object
MiddleCommandDataType_Encoding_DefaultXml,15674,Object
EndCanonDataType_Encoding_DefaultXml,15675,Object
InitCanonDataType_Encoding_DefaultXml,15676,Object
CRCL_JointDetailsDataType_Encoding_DefaultXml,15677,Object
CRCL_ActuateJointDataType_Encoding_DefaultXml,15678,Object
CRCL_JointForceTorqueDataType_Encoding_DefaultXml,15679,Object
CRCL_JointSpeedAccelDataType_Encoding_DefaultXml,15680,Object
ActuateJointsDataType_Encoding_DefaultXml,15681,Object
MoveToDataType_Encoding_DefaultXml,15682,Object
CloseToolChangerDataType_Encoding_DefaultXml,15683,Object
DwellDataType_Encoding_DefaultXml,15684,Object
GetStatusDataType_Encoding_DefaultXml,15685,Object
MessageDataType_Encoding_DefaultXml,15686,Object
MoveScrewDataType_Encoding_DefaultXml,15687,Object
MoveThroughToDataType_Encoding_DefaultXml,15688,Object
OpenToolChangerDataType_Encoding_DefaultXml,15689,Object
RunProgramDataType_Encoding_DefaultXml,15690,Object
SetAngleUnitsDataType_Encoding_DefaultXml,15691,Object
SetEndeffectorParametersDataType_Encoding_DefaultXml,15692,Object
SetEndeffectorDataType_Encoding_DefaultXml,15693,Object
SetEndPoseToleranceDataType_Encoding_DefaultXml,15694,Object
SetForceUnitsDataType_Encoding_DefaultXml,15695,Object
SetIntermediatePoseToleranceDataType_Encoding_DefaultXml,15696,Object
SetLengthUnitsDataType_Encoding_DefaultXml,15697,Object
SetMotionCoordinationDataType_Encoding_DefaultXml,15698,Object
SetRobotParametersDataType_Encoding_DefaultXml,15699,Object
SetTorqueUnitsDataType_Encoding_DefaultXml,15700,Object
StopMotionDataType_Encoding_DefaultXml,15701,Object
ConfigureStatusReportDataType_Encoding_DefaultXml,15702,Object
EnableSensorDataType_Encoding_DefaultXml,15703,Object
DisableSensorDataType_Encoding_DefaultXml,15704,Object
EnableGripperDataType_Encoding_DefaultXml,15705,Object
DisableGripperDataType_Encoding_DefaultXml,15706,Object
EnableRobotParameterStatusDataType_Encoding_DefaultXml,15707,Object
DisableRobotParameterStatusDataType_Encoding_DefaultXml,15708,Object
SetDefaultJointPositionsTolerancesDataType_Encoding_DefaultXml,15709,Object
SetRotAccelDataType_Encoding_DefaultXml,15710,Object
SetTransAccelDataType_Encoding_DefaultXml,15711,Object
SetRotSpeedDataType_Encoding_DefaultXml,15712,Object
SetTransSpeedDataType_Encoding_DefaultXml,15713,Object
ConfigureJointReportsDataType_Encoding_DefaultXml,15714,Object
CRCL_CommandStatusDataType_Encoding_DefaultXml,15715,Object
CRCL_SensorStatusDataType_Encoding_DefaultXml,15716,Object
CRCL_CountSensorStatusDataType_Encoding_DefaultXml,15717,Object
CRCL_OnOffSensorStatusDataType_Encoding_DefaultXml,15718,Object
CRCL_ScalarSensorStatusDataType_Encoding_DefaultXml,15719,Object
CRCL_ForceTorqueSensorStatusDataType_Encoding_DefaultXml,15720,Object
CRCL_SensorStatusesDataType_Encoding_DefaultXml,15721,Object
CRCL_GripperStatusDataType_Encoding_DefaultXml,15722,Object
CRCL_ParallelGripperStatusDataType_Encoding_DefaultXml,15723,Object
CRCL_ThreeFingerGripperStatusDataType_Encoding_DefaultXml,15724,Object
CRCL_VacuumGripperStatusDataType_Encoding_DefaultXml,15725,Object
CRCL_SettingsStatusDataType_Encoding_DefaultXml,15726,Object
CRCL_PoseStatusDataType_Encoding_DefaultXml,15727,Object
CRCL_JointLimitDataType_Encoding_DefaultXml,15728,Object
CRCL_JointStatusDataType_Encoding_DefaultXml,15729,Object
CRCL_JointStatusesDataType_Encoding_DefaultXml,15730,Object
CRCLStatusDataType_Encoding_DefaultXml,15731,Object
SetEndeffectorParametersParamsSetDataType,15732,DataType
SetEndeffectorParamsSetDataType,15733,DataType
CRCLCommandsUnionDataType_Encoding_DefaultXml,15734,Object
SetTransSpeedParamsSetDataType,15735,DataType
CRCL_XmlSchema,15772,Variable
CRCL_XmlSchema_DataTypeVersion,15773,Variable
CRCL_XmlSchema_NamespaceUri,15774,Variable
CRCL_XmlSchema_Deprecated,15775,Variable
CRCL_XmlSchema_CRCL_FractionDataType,15776,Variable
CRCL_XmlSchema_CRCL_FractionDataType_DataTypeVersion,15777,Variable
CRCL_XmlSchema_CRCL_FractionDataType_DictionaryFragment,15778,Variable
CRCL_XmlSchema_CRCL_DataThingDataType,15779,Variable
CRCL_XmlSchema_CRCL_DataThingDataType_DataTypeVersion,15780,Variable
CRCL_XmlSchema_CRCL_DataThingDataType_DictionaryFragment,15781,Variable
CRCL_XmlSchema_CRCL_PointDataType,15782,Variable
CRCL_XmlSchema_CRCL_PointDataType_DataTypeVersion,15783,Variable
CRCL_XmlSchema_CRCL_PointDataType_DictionaryFragment,15784,Variable
CRCL_XmlSchema_CRCL_VectorDataType,15785,Variable
CRCL_XmlSchema_CRCL_VectorDataType_DataTypeVersion,15786,Variable
CRCL_XmlSchema_CRCL_VectorDataType_DictionaryFragment,15787,Variable
CRCL_XmlSchema_CRCL_PoseDataType,15788,Variable
CRCL_XmlSchema_CRCL_PoseDataType_DataTypeVersion,15789,Variable
CRCL_XmlSchema_CRCL_PoseDataType_DictionaryFragment,15790,Variable
CRCL_XmlSchema_CRCL_TwistDataType,15791,Variable
CRCL_XmlSchema_CRCL_TwistDataType_DataTypeVersion,15792,Variable
CRCL_XmlSchema_CRCL_TwistDataType_DictionaryFragment,15793,Variable
CRCL_XmlSchema_CRCL_WrenchDataType,15794,Variable
CRCL_XmlSchema_CRCL_WrenchDataType_DataTypeVersion,15795,Variable
CRCL_XmlSchema_CRCL_WrenchDataType_DictionaryFragment,15796,Variable
CRCL_XmlSchema_CRCL_PoseToleranceDataType,15797,Variable
CRCL_XmlSchema_CRCL_PoseToleranceDataType_DataTypeVersion,15798,Variable
CRCL_XmlSchema_CRCL_PoseToleranceDataType_DictionaryFragment,15799,Variable
CRCL_XmlSchema_CRCL_ParameterSettingDataType,15800,Variable
CRCL_XmlSchema_CRCL_ParameterSettingDataType_DataTypeVersion,15801,Variable
CRCL_XmlSchema_CRCL_ParameterSettingDataType_DictionaryFragment,15802,Variable
CRCL_XmlSchema_CRCL_RotAccelAbsoluteDataType,15803,Variable
CRCL_XmlSchema_CRCL_RotAccelAbsoluteDataType_DataTypeVersion,15804,Variable
CRCL_XmlSchema_CRCL_RotAccelAbsoluteDataType_DictionaryFragment,15805,Variable
CRCL_XmlSchema_CRCL_RotAccelRelativeDataType,15806,Variable
CRCL_XmlSchema_CRCL_RotAccelRelativeDataType_DataTypeVersion,15807,Variable
CRCL_XmlSchema_CRCL_RotAccelRelativeDataType_DictionaryFragment,15808,Variable
CRCL_XmlSchema_CRCL_RotAccelDataType,15809,Variable
CRCL_XmlSchema_CRCL_RotAccelDataType_DataTypeVersion,15810,Variable
CRCL_XmlSchema_CRCL_RotAccelDataType_DictionaryFragment,15811,Variable
CRCL_XmlSchema_CRCL_RotSpeedAbsoluteDataType,15812,Variable
CRCL_XmlSchema_CRCL_RotSpeedAbsoluteDataType_DataTypeVersion,15813,Variable
CRCL_XmlSchema_CRCL_RotSpeedAbsoluteDataType_DictionaryFragment,15814,Variable
CRCL_XmlSchema_CRCL_RotSpeedRelativeDataType,15815,Variable
CRCL_XmlSchema_CRCL_RotSpeedRelativeDataType_DataTypeVersion,15816,Variable
CRCL_XmlSchema_CRCL_RotSpeedRelativeDataType_DictionaryFragment,15817,Variable
CRCL_XmlSchema_CRCL_RotSpeedDataType,15818,Variable
CRCL_XmlSchema_CRCL_RotSpeedDataType_DataTypeVersion,15819,Variable
CRCL_XmlSchema_CRCL_RotSpeedDataType_DictionaryFragment,15820,Variable
CRCL_XmlSchema_CRCL_TransAccelAbsoluteDataType,15821,Variable
CRCL_XmlSchema_CRCL_TransAccelAbsoluteDataType_DataTypeVersion,15822,Variable
CRCL_XmlSchema_CRCL_TransAccelAbsoluteDataType_DictionaryFragment,15823,Variable
CRCL_XmlSchema_CRCL_TransAccelRelativeDataType,15824,Variable
CRCL_XmlSchema_CRCL_TransAccelRelativeDataType_DataTypeVersion,15825,Variable
CRCL_XmlSchema_CRCL_TransAccelRelativeDataType_DictionaryFragment,15826,Variable
CRCL_XmlSchema_CRCL_TransAccelDataType,15827,Variable
CRCL_XmlSchema_CRCL_TransAccelDataType_DataTypeVersion,15828,Variable
CRCL_XmlSchema_CRCL_TransAccelDataType_DictionaryFragment,15829,Variable
CRCL_XmlSchema_CRCL_TransSpeedAbsoluteDataType,15830,Variable
CRCL_XmlSchema_CRCL_TransSpeedAbsoluteDataType_DataTypeVersion,15831,Variable
CRCL_XmlSchema_CRCL_TransSpeedAbsoluteDataType_DictionaryFragment,15832,Variable
CRCL_XmlSchema_CRCL_TransSpeedRelativeDataType,15833,Variable
CRCL_XmlSchema_CRCL_TransSpeedRelativeDataType_DataTypeVersion,15834,Variable
CRCL_XmlSchema_CRCL_TransSpeedRelativeDataType_DictionaryFragment,15835,Variable
CRCL_XmlSchema_CRCL_TransSpeedDataType,15836,Variable
CRCL_XmlSchema_CRCL_TransSpeedDataType_DataTypeVersion,15837,Variable
CRCL_XmlSchema_CRCL_TransSpeedDataType_DictionaryFragment,15838,Variable
CRCL_XmlSchema_CRCL_ConfigureJointReportDataType,15839,Variable
CRCL_XmlSchema_CRCL_ConfigureJointReportDataType_DataTypeVersion,15840,Variable
CRCL_XmlSchema_CRCL_ConfigureJointReportDataType_DictionaryFragment,15841,Variable
CRCL_XmlSchema_CRCL_GuardDataType,15842,Variable
CRCL_XmlSchema_CRCL_GuardDataType_DataTypeVersion,15843,Variable
CRCL_XmlSchema_CRCL_GuardDataType_DictionaryFragment,15844,Variable
CRCL_XmlSchema_CRCL_JointPositionToleranceSettingDataType,15845,Variable
CRCL_XmlSchema_CRCL_JointPositionToleranceSettingDataType_DataTypeVersion,15846,Variable
CRCL_XmlSchema_CRCL_JointPositionToleranceSettingDataType_DictionaryFragment,15847,Variable
CRCL_XmlSchema_CRCL_JointPositionsTolerancesDataType,15848,Variable
CRCL_XmlSchema_CRCL_JointPositionsTolerancesDataType_DataTypeVersion,15849,Variable
CRCL_XmlSchema_CRCL_JointPositionsTolerancesDataType_DictionaryFragment,15850,Variable
CRCL_XmlSchema_CRCL_PoseAndSetDataType,15851,Variable
CRCL_XmlSchema_CRCL_PoseAndSetDataType_DataTypeVersion,15852,Variable
CRCL_XmlSchema_CRCL_PoseAndSetDataType_DictionaryFragment,15853,Variable
CRCL_XmlSchema_CRCLCommandDataType,15854,Variable
CRCL_XmlSchema_CRCLCommandDataType_DataTypeVersion,15855,Variable
CRCL_XmlSchema_CRCLCommandDataType_DictionaryFragment,15856,Variable
CRCL_XmlSchema_MiddleCommandDataType,15857,Variable
CRCL_XmlSchema_MiddleCommandDataType_DataTypeVersion,15858,Variable
CRCL_XmlSchema_MiddleCommandDataType_DictionaryFragment,15859,Variable
CRCL_XmlSchema_EndCanonDataType,15860,Variable
CRCL_XmlSchema_EndCanonDataType_DataTypeVersion,15861,Variable
CRCL_XmlSchema_EndCanonDataType_DictionaryFragment,15862,Variable
CRCL_XmlSchema_InitCanonDataType,15863,Variable
CRCL_XmlSchema_InitCanonDataType_DataTypeVersion,15864,Variable
CRCL_XmlSchema_InitCanonDataType_DictionaryFragment,15865,Variable
CRCL_XmlSchema_CRCL_JointDetailsDataType,15866,Variable
CRCL_XmlSchema_CRCL_JointDetailsDataType_DataTypeVersion,15867,Variable
CRCL_XmlSchema_CRCL_JointDetailsDataType_DictionaryFragment,15868,Variable
CRCL_XmlSchema_CRCL_ActuateJointDataType,15869,Variable
CRCL_XmlSchema_CRCL_ActuateJointDataType_DataTypeVersion,15870,Variable
CRCL_XmlSchema_CRCL_ActuateJointDataType_DictionaryFragment,15871,Variable
CRCL_XmlSchema_CRCL_JointForceTorqueDataType,15872,Variable
CRCL_XmlSchema_CRCL_JointForceTorqueDataType_DataTypeVersion,15873,Variable
CRCL_XmlSchema_CRCL_JointForceTorqueDataType_DictionaryFragment,15874,Variable
CRCL_XmlSchema_CRCL_JointSpeedAccelDataType,15875,Variable
CRCL_XmlSchema_CRCL_JointSpeedAccelDataType_DataTypeVersion,15876,Variable
CRCL_XmlSchema_CRCL_JointSpeedAccelDataType_DictionaryFragment,15877,Variable
CRCL_XmlSchema_ActuateJointsDataType,15878,Variable
CRCL_XmlSchema_ActuateJointsDataType_DataTypeVersion,15879,Variable
CRCL_XmlSchema_ActuateJointsDataType_DictionaryFragment,15880,Variable
CRCL_XmlSchema_MoveToDataType,15881,Variable
CRCL_XmlSchema_MoveToDataType_DataTypeVersion,15882,Variable
CRCL_XmlSchema_MoveToDataType_DictionaryFragment,15883,Variable
CRCL_XmlSchema_CloseToolChangerDataType,15884,Variable
CRCL_XmlSchema_CloseToolChangerDataType_DataTypeVersion,15885,Variable
CRCL_XmlSchema_CloseToolChangerDataType_DictionaryFragment,15886,Variable
CRCL_XmlSchema_DwellDataType,15887,Variable
CRCL_XmlSchema_DwellDataType_DataTypeVersion,15888,Variable
CRCL_XmlSchema_DwellDataType_DictionaryFragment,15889,Variable
CRCL_XmlSchema_GetStatusDataType,15890,Variable
CRCL_XmlSchema_GetStatusDataType_DataTypeVersion,15891,Variable
CRCL_XmlSchema_GetStatusDataType_DictionaryFragment,15892,Variable
CRCL_XmlSchema_MessageDataType,15893,Variable
CRCL_XmlSchema_MessageDataType_DataTypeVersion,15894,Variable
CRCL_XmlSchema_MessageDataType_DictionaryFragment,15895,Variable
CRCL_XmlSchema_MoveScrewDataType,15896,Variable
CRCL_XmlSchema_MoveScrewDataType_DataTypeVersion,15897,Variable
CRCL_XmlSchema_MoveScrewDataType_DictionaryFragment,15898,Variable
CRCL_XmlSchema_MoveThroughToDataType,15899,Variable
CRCL_XmlSchema_MoveThroughToDataType_DataTypeVersion,15900,Variable
CRCL_XmlSchema_MoveThroughToDataType_DictionaryFragment,15901,Variable
CRCL_XmlSchema_OpenToolChangerDataType,15902,Variable
CRCL_XmlSchema_OpenToolChangerDataType_DataTypeVersion,15903,Variable
CRCL_XmlSchema_OpenToolChangerDataType_DictionaryFragment,15904,Variable
CRCL_XmlSchema_RunProgramDataType,15905,Variable
CRCL_XmlSchema_RunProgramDataType_DataTypeVersion,15906,Variable
CRCL_XmlSchema_RunProgramDataType_DictionaryFragment,15907,Variable
CRCL_XmlSchema_SetAngleUnitsDataType,15908,Variable
CRCL_XmlSchema_SetAngleUnitsDataType_DataTypeVersion,15909,Variable
CRCL_XmlSchema_SetAngleUnitsDataType_DictionaryFragment,15910,Variable
CRCL_XmlSchema_SetEndeffectorParametersDataType,15911,Variable
CRCL_XmlSchema_SetEndeffectorParametersDataType_DataTypeVersion,15912,Variable
CRCL_XmlSchema_SetEndeffectorParametersDataType_DictionaryFragment,15913,Variable
CRCL_XmlSchema_SetEndeffectorDataType,15914,Variable
CRCL_XmlSchema_SetEndeffectorDataType_DataTypeVersion,15915,Variable
CRCL_XmlSchema_SetEndeffectorDataType_DictionaryFragment,15916,Variable
CRCL_XmlSchema_SetEndPoseToleranceDataType,15917,Variable
CRCL_XmlSchema_SetEndPoseToleranceDataType_DataTypeVersion,15918,Variable
CRCL_XmlSchema_SetEndPoseToleranceDataType_DictionaryFragment,15919,Variable
CRCL_XmlSchema_SetForceUnitsDataType,15920,Variable
CRCL_XmlSchema_SetForceUnitsDataType_DataTypeVersion,15921,Variable
CRCL_XmlSchema_SetForceUnitsDataType_DictionaryFragment,15922,Variable
CRCL_XmlSchema_SetIntermediatePoseToleranceDataType,15923,Variable
CRCL_XmlSchema_SetIntermediatePoseToleranceDataType_DataTypeVersion,15924,Variable
CRCL_XmlSchema_SetIntermediatePoseToleranceDataType_DictionaryFragment,15925,Variable
CRCL_XmlSchema_SetLengthUnitsDataType,15926,Variable
CRCL_XmlSchema_SetLengthUnitsDataType_DataTypeVersion,15927,Variable
CRCL_XmlSchema_SetLengthUnitsDataType_DictionaryFragment,15928,Variable
CRCL_XmlSchema_SetMotionCoordinationDataType,15929,Variable
CRCL_XmlSchema_SetMotionCoordinationDataType_DataTypeVersion,15930,Variable
CRCL_XmlSchema_SetMotionCoordinationDataType_DictionaryFragment,15931,Variable
CRCL_XmlSchema_SetRobotParametersDataType,15932,Variable
CRCL_XmlSchema_SetRobotParametersDataType_DataTypeVersion,15933,Variable
CRCL_XmlSchema_SetRobotParametersDataType_DictionaryFragment,15934,Variable
CRCL_XmlSchema_SetTorqueUnitsDataType,15935,Variable
CRCL_XmlSchema_SetTorqueUnitsDataType_DataTypeVersion,15936,Variable
CRCL_XmlSchema_SetTorqueUnitsDataType_DictionaryFragment,15937,Variable
CRCL_XmlSchema_StopMotionDataType,15938,Variable
CRCL_XmlSchema_StopMotionDataType_DataTypeVersion,15939,Variable
CRCL_XmlSchema_StopMotionDataType_DictionaryFragment,15940,Variable
CRCL_XmlSchema_ConfigureStatusReportDataType,15941,Variable
CRCL_XmlSchema_ConfigureStatusReportDataType_DataTypeVersion,15942,Variable
CRCL_XmlSchema_ConfigureStatusReportDataType_DictionaryFragment,15943,Variable
CRCL_XmlSchema_EnableSensorDataType,15944,Variable
CRCL_XmlSchema_EnableSensorDataType_DataTypeVersion,15945,Variable
CRCL_XmlSchema_EnableSensorDataType_DictionaryFragment,15946,Variable
CRCL_XmlSchema_DisableSensorDataType,15947,Variable
CRCL_XmlSchema_DisableSensorDataType_DataTypeVersion,15948,Variable
CRCL_XmlSchema_DisableSensorDataType_DictionaryFragment,15949,Variable
CRCL_XmlSchema_EnableGripperDataType,15950,Variable
CRCL_XmlSchema_EnableGripperDataType_DataTypeVersion,15951,Variable
CRCL_XmlSchema_EnableGripperDataType_DictionaryFragment,15952,Variable
CRCL_XmlSchema_DisableGripperDataType,15953,Variable
CRCL_XmlSchema_DisableGripperDataType_DataTypeVersion,15954,Variable
CRCL_XmlSchema_DisableGripperDataType_DictionaryFragment,15955,Variable
CRCL_XmlSchema_EnableRobotParameterStatusDataType,15956,Variable
CRCL_XmlSchema_EnableRobotParameterStatusDataType_DataTypeVersion,15957,Variable
CRCL_XmlSchema_EnableRobotParameterStatusDataType_DictionaryFragment,15958,Variable
CRCL_XmlSchema_DisableRobotParameterStatusDataType,15959,Variable
CRCL_XmlSchema_DisableRobotParameterStatusDataType_DataTypeVersion,15960,Variable
CRCL_XmlSchema_DisableRobotParameterStatusDataType_DictionaryFragment,15961,Variable
CRCL_XmlSchema_SetDefaultJointPositionsTolerancesDataType,15962,Variable
CRCL_XmlSchema_SetDefaultJointPositionsTolerancesDataType_DataTypeVersion,15963,Variable
CRCL_XmlSchema_SetDefaultJointPositionsTolerancesDataType_DictionaryFragment,15964,Variable
CRCL_XmlSchema_SetRotAccelDataType,15965,Variable
CRCL_XmlSchema_SetRotAccelDataType_DataTypeVersion,15966,Variable
CRCL_XmlSchema_SetRotAccelDataType_DictionaryFragment,15967,Variable
CRCL_XmlSchema_SetTransAccelDataType,15968,Variable
CRCL_XmlSchema_SetTransAccelDataType_DataTypeVersion,15969,Variable
CRCL_XmlSchema_SetTransAccelDataType_DictionaryFragment,15970,Variable
CRCL_XmlSchema_SetRotSpeedDataType,15971,Variable
CRCL_XmlSchema_SetRotSpeedDataType_DataTypeVersion,15972,Variable
CRCL_XmlSchema_SetRotSpeedDataType_DictionaryFragment,15973,Variable
CRCL_XmlSchema_SetTransSpeedDataType,15974,Variable
CRCL_XmlSchema_SetTransSpeedDataType_DataTypeVersion,15975,Variable
CRCL_XmlSchema_SetTransSpeedDataType_DictionaryFragment,15976,Variable
CRCL_XmlSchema_ConfigureJointReportsDataType,15977,Variable
CRCL_XmlSchema_ConfigureJointReportsDataType_DataTypeVersion,15978,Variable
CRCL_XmlSchema_ConfigureJointReportsDataType_DictionaryFragment,15979,Variable
CRCL_XmlSchema_CRCL_CommandStatusDataType,15980,Variable
CRCL_XmlSchema_CRCL_CommandStatusDataType_DataTypeVersion,15981,Variable
CRCL_XmlSchema_CRCL_CommandStatusDataType_DictionaryFragment,15982,Variable
CRCL_XmlSchema_CRCL_SensorStatusDataType,15983,Variable
CRCL_XmlSchema_CRCL_SensorStatusDataType_DataTypeVersion,15984,Variable
CRCL_XmlSchema_CRCL_SensorStatusDataType_DictionaryFragment,15985,Variable
CRCL_XmlSchema_CRCL_CountSensorStatusDataType,15986,Variable
CRCL_XmlSchema_CRCL_CountSensorStatusDataType_DataTypeVersion,15987,Variable
CRCL_XmlSchema_CRCL_CountSensorStatusDataType_DictionaryFragment,15988,Variable
CRCL_XmlSchema_CRCL_OnOffSensorStatusDataType,15989,Variable
CRCL_XmlSchema_CRCL_OnOffSensorStatusDataType_DataTypeVersion,15990,Variable
CRCL_XmlSchema_CRCL_OnOffSensorStatusDataType_DictionaryFragment,15991,Variable
CRCL_XmlSchema_CRCL_ScalarSensorStatusDataType,15992,Variable
CRCL_XmlSchema_CRCL_ScalarSensorStatusDataType_DataTypeVersion,15993,Variable
CRCL_XmlSchema_CRCL_ScalarSensorStatusDataType_DictionaryFragment,15994,Variable
CRCL_XmlSchema_CRCL_ForceTorqueSensorStatusDataType,15995,Variable
CRCL_XmlSchema_CRCL_ForceTorqueSensorStatusDataType_DataTypeVersion,15996,Variable
CRCL_XmlSchema_CRCL_ForceTorqueSensorStatusDataType_DictionaryFragment,15997,Variable
CRCL_XmlSchema_CRCL_SensorStatusesDataType,15998,Variable
CRCL_XmlSchema_CRCL_SensorStatusesDataType_DataTypeVersion,15999,Variable
CRCL_XmlSchema_CRCL_SensorStatusesDataType_DictionaryFragment,16000,Variable
CRCL_XmlSchema_CRCL_GripperStatusDataType,16001,Variable
CRCL_XmlSchema_CRCL_GripperStatusDataType_DataTypeVersion,16002,Variable
CRCL_XmlSchema_CRCL_GripperStatusDataType_DictionaryFragment,16003,Variable
CRCL_XmlSchema_CRCL_ParallelGripperStatusDataType,16004,Variable
CRCL_XmlSchema_CRCL_ParallelGripperStatusDataType_DataTypeVersion,16005,Variable
CRCL_XmlSchema_CRCL_ParallelGripperStatusDataType_DictionaryFragment,16006,Variable
CRCL_XmlSchema_CRCL_ThreeFingerGripperStatusDataType,16007,Variable
CRCL_XmlSchema_CRCL_ThreeFingerGripperStatusDataType_DataTypeVersion,16008,Variable
CRCL_XmlSchema_CRCL_ThreeFingerGripperStatusDataType_DictionaryFragment,16009,Variable
CRCL_XmlSchema_CRCL_VacuumGripperStatusDataType,16010,Variable
CRCL_XmlSchema_CRCL_VacuumGripperStatusDataType_DataTypeVersion,16011,Variable
CRCL_XmlSchema_CRCL_VacuumGripperStatusDataType_DictionaryFragment,16012,Variable
CRCL_XmlSchema_CRCL_SettingsStatusDataType,16013,Variable
CRCL_XmlSchema_CRCL_SettingsStatusDataType_DataTypeVersion,16014,Variable
CRCL_XmlSchema_CRCL_SettingsStatusDataType_DictionaryFragment,16015,Variable
CRCL_XmlSchema_CRCL_PoseStatusDataType,16016,Variable
CRCL_XmlSchema_CRCL_PoseStatusDataType_DataTypeVersion,16017,Variable
CRCL_XmlSchema_CRCL_PoseStatusDataType_DictionaryFragment,16018,Variable
CRCL_XmlSchema_CRCL_JointLimitDataType,16019,Variable
CRCL_XmlSchema_CRCL_JointLimitDataType_DataTypeVersion,16020,Variable
CRCL_XmlSchema_CRCL_JointLimitDataType_DictionaryFragment,16021,Variable
CRCL_XmlSchema_CRCL_JointStatusDataType,16022,Variable
CRCL_XmlSchema_CRCL_JointStatusDataType_DataTypeVersion,16023,Variable
CRCL_XmlSchema_CRCL_JointStatusDataType_DictionaryFragment,16024,Variable
CRCL_XmlSchema_CRCL_JointStatusesDataType,16025,Variable
CRCL_XmlSchema_CRCL_JointStatusesDataType_DataTypeVersion,16026,Variable
CRCL_XmlSchema_CRCL_JointStatusesDataType_DictionaryFragment,16027,Variable
CRCL_XmlSchema_CRCLStatusDataType,16028,Variable
CRCL_XmlSchema_CRCLStatusDataType_DataTypeVersion,16029,Variable
CRCL_XmlSchema_CRCLStatusDataType_DictionaryFragment,16030,Variable
SetTransAccelParamsSetDataType,16031,DataType
SetRotSpeedParamsSetDataType,16032,DataType
SetRotAccelParamsSetDataType,16033,DataType
SetAngleUnitsParamsSetDataType,16034,DataType
SetEndPoseToleranceParamsSetDataType,16035,DataType
SetForceUnitsParamsSetDataType,16036,DataType
CRCL_XmlSchema_CRCLCommandsUnionDataType,16037,Variable
CRCL_XmlSchema_CRCLCommandsUnionDataType_DataTypeVersion,16038,Variable
CRCL_XmlSchema_CRCLCommandsUnionDataType_DictionaryFragment,16039,Variable
SetIntermediatePoseToleranceParamsSetDataType,16040,DataType
SetLengthUnitsParamsSetDataType,16041,DataType
SetMotionCoordinationParamsSetDataType,16042,DataType
CRCL_FractionDataType_Encoding_DefaultJson,16151,Object
CRCL_DataThingDataType_Encoding_DefaultJson,16152,Object
CRCL_PointDataType_Encoding_DefaultJson,16153,Object
CRCL_VectorDataType_Encoding_DefaultJson,16154,Object
CRCL_PoseDataType_Encoding_DefaultJson,16155,Object
CRCL_TwistDataType_Encoding_DefaultJson,16156,Object
CRCL_WrenchDataType_Encoding_DefaultJson,16157,Object
CRCL_PoseToleranceDataType_Encoding_DefaultJson,16158,Object
CRCL_ParameterSettingDataType_Encoding_DefaultJson,16159,Object
CRCL_RotAccelAbsoluteDataType_Encoding_DefaultJson,16160,Object
CRCL_RotAccelRelativeDataType_Encoding_DefaultJson,16161,Object
CRCL_RotAccelDataType_Encoding_DefaultJson,16162,Object
CRCL_RotSpeedAbsoluteDataType_Encoding_DefaultJson,16163,Object
CRCL_RotSpeedRelativeDataType_Encoding_DefaultJson,16164,Object
CRCL_RotSpeedDataType_Encoding_DefaultJson,16165,Object
CRCL_TransAccelAbsoluteDataType_Encoding_DefaultJson,16166,Object
CRCL_TransAccelRelativeDataType_Encoding_DefaultJson,16167,Object
CRCL_TransAccelDataType_Encoding_DefaultJson,16168,Object
CRCL_TransSpeedAbsoluteDataType_Encoding_DefaultJson,16169,Object
CRCL_TransSpeedRelativeDataType_Encoding_DefaultJson,16170,Object
CRCL_TransSpeedDataType_Encoding_DefaultJson,16171,Object
CRCL_ConfigureJointReportDataType_Encoding_DefaultJson,16172,Object
CRCL_GuardDataType_Encoding_DefaultJson,16173,Object
CRCL_JointPositionToleranceSettingDataType_Encoding_DefaultJson,16174,Object
CRCL_JointPositionsTolerancesDataType_Encoding_DefaultJson,16175,Object
CRCL_PoseAndSetDataType_Encoding_DefaultJson,16176,Object
CRCLCommandDataType_Encoding_DefaultJson,16177,Object
MiddleCommandDataType_Encoding_DefaultJson,16178,Object
EndCanonDataType_Encoding_DefaultJson,16179,Object
InitCanonDataType_Encoding_DefaultJson,16180,Object
CRCL_JointDetailsDataType_Encoding_DefaultJson,16181,Object
CRCL_ActuateJointDataType_Encoding_DefaultJson,16182,Object
CRCL_JointForceTorqueDataType_Encoding_DefaultJson,16183,Object
CRCL_JointSpeedAccelDataType_Encoding_DefaultJson,16184,Object
ActuateJointsDataType_Encoding_DefaultJson,16185,Object
MoveToDataType_Encoding_DefaultJson,16186,Object
CloseToolChangerDataType_Encoding_DefaultJson,16187,Object
DwellDataType_Encoding_DefaultJson,16188,Object
GetStatusDataType_Encoding_DefaultJson,16189,Object
MessageDataType_Encoding_DefaultJson,16190,Object
MoveScrewDataType_Encoding_DefaultJson,16191,Object
MoveThroughToDataType_Encoding_DefaultJson,16192,Object
OpenToolChangerDataType_Encoding_DefaultJson,16193,Object
RunProgramDataType_Encoding_DefaultJson,16194,Object
SetAngleUnitsDataType_Encoding_DefaultJson,16195,Object
SetEndeffectorParametersDataType_Encoding_DefaultJson,16196,Object
SetEndeffectorDataType_Encoding_DefaultJson,16197,Object
SetEndPoseToleranceDataType_Encoding_DefaultJson,16198,Object
SetForceUnitsDataType_Encoding_DefaultJson,16199,Object
SetIntermediatePoseToleranceDataType_Encoding_DefaultJson,16200,Object
SetLengthUnitsDataType_Encoding_DefaultJson,16201,Object
SetMotionCoordinationDataType_Encoding_DefaultJson,16202,Object
SetRobotParametersDataType_Encoding_DefaultJson,16203,Object
SetTorqueUnitsDataType_Encoding_DefaultJson,16204,Object
StopMotionDataType_Encoding_DefaultJson,16205,Object
ConfigureStatusReportDataType_Encoding_DefaultJson,16206,Object
EnableSensorDataType_Encoding_DefaultJson,16207,Object
DisableSensorDataType_Encoding_DefaultJson,16208,Object
EnableGripperDataType_Encoding_DefaultJson,16209,Object
DisableGripperDataType_Encoding_DefaultJson,16210,Object
EnableRobotParameterStatusDataType_Encoding_DefaultJson,16211,Object
DisableRobotParameterStatusDataType_Encoding_DefaultJson,16212,Object
SetDefaultJointPositionsTolerancesDataType_Encoding_DefaultJson,16213,Object
SetRotAccelDataType_Encoding_DefaultJson,16214,Object
SetTransAccelDataType_Encoding_DefaultJson,16215,Object
SetRotSpeedDataType_Encoding_DefaultJson,16216,Object
SetTransSpeedDataType_Encoding_DefaultJson,16217,Object
ConfigureJointReportsDataType_Encoding_DefaultJson,16218,Object
CRCL_CommandStatusDataType_Encoding_DefaultJson,16219,Object
CRCL_SensorStatusDataType_Encoding_DefaultJson,16220,Object
CRCL_CountSensorStatusDataType_Encoding_DefaultJson,16221,Object
CRCL_OnOffSensorStatusDataType_Encoding_DefaultJson,16222,Object
CRCL_ScalarSensorStatusDataType_Encoding_DefaultJson,16223,Object
CRCL_ForceTorqueSensorStatusDataType_Encoding_DefaultJson,16224,Object
CRCL_SensorStatusesDataType_Encoding_DefaultJson,16225,Object
CRCL_GripperStatusDataType_Encoding_DefaultJson,16226,Object
CRCL_ParallelGripperStatusDataType_Encoding_DefaultJson,16227,Object
CRCL_ThreeFingerGripperStatusDataType_Encoding_DefaultJson,16228,Object
CRCL_VacuumGripperStatusDataType_Encoding_DefaultJson,16229,Object
CRCL_SettingsStatusDataType_Encoding_DefaultJson,16230,Object
CRCL_PoseStatusDataType_Encoding_DefaultJson,16231,Object
CRCL_JointLimitDataType_Encoding_DefaultJson,16232,Object
CRCL_JointStatusDataType_Encoding_DefaultJson,16233,Object
CRCL_JointStatusesDataType_Encoding_DefaultJson,16234,Object
CRCLStatusDataType_Encoding_DefaultJson,16235,Object
SetTorqueUnitsParamsSetDataType,16236,DataType
StopMotionParamsSetDataType,16237,DataType
CRCLCommandsUnionDataType_Encoding_DefaultJson,16238,Object
ConfigureStatusReportParamsSetDataType,16239,DataType
CRCLCommandsBufferDataType,16276,DataType
CRCLCommandsBufferDataType_Encoding_DefaultBinary,16277,Object
CRCL_BinarySchema_CRCLCommandsBufferDataType,16278,Variable
CRCL_BinarySchema_CRCLCommandsBufferDataType_DataTypeVersion,16279,Variable
CRCL_BinarySchema_CRCLCommandsBufferDataType_DictionaryFragment,16280,Variable
CRCLCommandsBufferDataType_Encoding_DefaultXml,16281,Object
CRCL_XmlSchema_CRCLCommandsBufferDataType,16282,Variable
CRCL_XmlSchema_CRCLCommandsBufferDataType_DataTypeVersion,16283,Variable
CRCL_XmlSchema_CRCLCommandsBufferDataType_DictionaryFragment,16284,Variable
CRCLCommandsBufferDataType_Encoding_DefaultJson,16285,Object
EnableSensorParamsSetDataType,16286,DataType
DisableSensorParamsSetDataType,16287,DataType
EnableGripperParamsSetDataType,16288,DataType
DisableGripperParamsSetDataType,16289,DataType
EnableRobotParameterStatusParamsSetDataType,16290,DataType
DisableRobotParameterStatusParamsSetDataType,16291,DataType
CRCLCommandParamsSetDataType_Encoding_DefaultBinary,16293,Object
InitCanonParamsSetDataType_Encoding_DefaultBinary,16294,Object
EndCanonParamsSetDataType_Encoding_DefaultBinary,16295,Object
GetStatusParamsSetDataType_Encoding_DefaultBinary,16296,Object
CloseToolChangerParamsSetDataType_Encoding_DefaultBinary,16297,Object
OpenToolChangerParamsSetDataType_Encoding_DefaultBinary,16298,Object
MessageParamsSetDataType_Encoding_DefaultBinary,16299,Object
MoveToParamsSetDataType_Encoding_DefaultBinary,16300,Object
MoveScrewParamsSetDataType_Encoding_DefaultBinary,16301,Object
MoveThroughToParamsSetDataType_Encoding_DefaultBinary,16302,Object
DwellParamsSetDataType_Encoding_DefaultBinary,16303,Object
ActuateJointsParamsSetDataType_Encoding_DefaultBinary,16304,Object
ConfigureJointReportsParamsSetDataType_Encoding_DefaultBinary,16305,Object
SetDefaultJointPositionsTolerancesParamsSetDataType_Encoding_DefaultBinary,16306,Object
SetRobotParametersParamsSetDataType_Encoding_DefaultBinary,16307,Object
SetEndeffectorParametersParamsSetDataType_Encoding_DefaultBinary,16308,Object
SetEndeffectorParamsSetDataType_Encoding_DefaultBinary,16309,Object
SetTransSpeedParamsSetDataType_Encoding_DefaultBinary,16310,Object
SetTransAccelParamsSetDataType_Encoding_DefaultBinary,16311,Object
SetRotSpeedParamsSetDataType_Encoding_DefaultBinary,16312,Object
SetRotAccelParamsSetDataType_Encoding_DefaultBinary,16313,Object
SetAngleUnitsParamsSetDataType_Encoding_DefaultBinary,16314,Object
SetEndPoseToleranceParamsSetDataType_Encoding_DefaultBinary,16315,Object
SetForceUnitsParamsSetDataType_Encoding_DefaultBinary,16316,Object
SetIntermediatePoseToleranceParamsSetDataType_Encoding_DefaultBinary,16317,Object
SetLengthUnitsParamsSetDataType_Encoding_DefaultBinary,16318,Object
SetMotionCoordinationParamsSetDataType_Encoding_DefaultBinary,16319,Object
SetTorqueUnitsParamsSetDataType_Encoding_DefaultBinary,16320,Object
StopMotionParamsSetDataType_Encoding_DefaultBinary,16321,Object
ConfigureStatusReportParamsSetDataType_Encoding_DefaultBinary,16322,Object
EnableSensorParamsSetDataType_Encoding_DefaultBinary,16323,Object
DisableSensorParamsSetDataType_Encoding_DefaultBinary,16324,Object
EnableGripperParamsSetDataType_Encoding_DefaultBinary,16325,Object
DisableGripperParamsSetDataType_Encoding_DefaultBinary,16326,Object
EnableRobotParameterStatusParamsSetDataType_Encoding_DefaultBinary,16327,Object
DisableRobotParameterStatusParamsSetDataType_Encoding_DefaultBinary,16328,Object
CRCL_BinarySchema_CRCLCommandParamsSetDataType,16330,Variable
CRCL_BinarySchema_CRCLCommandParamsSetDataType_DataTypeVersion,16331,Variable
CRCL_BinarySchema_CRCLCommandParamsSetDataType_DictionaryFragment,16332,Variable
CRCL_BinarySchema_InitCanonParamsSetDataType,16333,Variable
CRCL_BinarySchema_InitCanonParamsSetDataType_DataTypeVersion,16334,Variable
CRCL_BinarySchema_InitCanonParamsSetDataType_DictionaryFragment,16335,Variable
CRCL_BinarySchema_EndCanonParamsSetDataType,16336,Variable
CRCL_BinarySchema_EndCanonParamsSetDataType_DataTypeVersion,16337,Variable
CRCL_BinarySchema_EndCanonParamsSetDataType_DictionaryFragment,16338,Variable
CRCL_BinarySchema_GetStatusParamsSetDataType,16339,Variable
CRCL_BinarySchema_GetStatusParamsSetDataType_DataTypeVersion,16340,Variable
CRCL_BinarySchema_GetStatusParamsSetDataType_DictionaryFragment,16341,Variable
CRCL_BinarySchema_CloseToolChangerParamsSetDataType,16342,Variable
CRCL_BinarySchema_CloseToolChangerParamsSetDataType_DataTypeVersion,16343,Variable
CRCL_BinarySchema_CloseToolChangerParamsSetDataType_DictionaryFragment,16344,Variable
CRCL_BinarySchema_OpenToolChangerParamsSetDataType,16345,Variable
CRCL_BinarySchema_OpenToolChangerParamsSetDataType_DataTypeVersion,16346,Variable
CRCL_BinarySchema_OpenToolChangerParamsSetDataType_DictionaryFragment,16347,Variable
CRCL_BinarySchema_MessageParamsSetDataType,16348,Variable
CRCL_BinarySchema_MessageParamsSetDataType_DataTypeVersion,16349,Variable
CRCL_BinarySchema_MessageParamsSetDataType_DictionaryFragment,16350,Variable
CRCL_BinarySchema_MoveToParamsSetDataType,16351,Variable
CRCL_BinarySchema_MoveToParamsSetDataType_DataTypeVersion,16352,Variable
CRCL_BinarySchema_MoveToParamsSetDataType_DictionaryFragment,16353,Variable
CRCL_BinarySchema_MoveScrewParamsSetDataType,16354,Variable
CRCL_BinarySchema_MoveScrewParamsSetDataType_DataTypeVersion,16355,Variable
CRCL_BinarySchema_MoveScrewParamsSetDataType_DictionaryFragment,16356,Variable
CRCL_BinarySchema_MoveThroughToParamsSetDataType,16357,Variable
CRCL_BinarySchema_MoveThroughToParamsSetDataType_DataTypeVersion,16358,Variable
CRCL_BinarySchema_MoveThroughToParamsSetDataType_DictionaryFragment,16359,Variable
CRCL_BinarySchema_DwellParamsSetDataType,16360,Variable
CRCL_BinarySchema_DwellParamsSetDataType_DataTypeVersion,16361,Variable
CRCL_BinarySchema_DwellParamsSetDataType_DictionaryFragment,16362,Variable
CRCL_BinarySchema_ActuateJointsParamsSetDataType,16363,Variable
CRCL_BinarySchema_ActuateJointsParamsSetDataType_DataTypeVersion,16364,Variable
CRCL_BinarySchema_ActuateJointsParamsSetDataType_DictionaryFragment,16365,Variable
CRCL_BinarySchema_ConfigureJointReportsParamsSetDataType,16366,Variable
CRCL_BinarySchema_ConfigureJointReportsParamsSetDataType_DataTypeVersion,16367,Variable
CRCL_BinarySchema_ConfigureJointReportsParamsSetDataType_DictionaryFragment,16368,Variable
CRCL_BinarySchema_SetDefaultJointPositionsTolerancesParamsSetDataType,16369,Variable
CRCL_BinarySchema_SetDefaultJointPositionsTolerancesParamsSetDataType_DataTypeVersion,16370,Variable
CRCL_BinarySchema_SetDefaultJointPositionsTolerancesParamsSetDataType_DictionaryFragment,16371,Variable
CRCL_BinarySchema_SetRobotParametersParamsSetDataType,16372,Variable
CRCL_BinarySchema_SetRobotParametersParamsSetDataType_DataTypeVersion,16373,Variable
CRCL_BinarySchema_SetRobotParametersParamsSetDataType_DictionaryFragment,16374,Variable
CRCL_BinarySchema_SetEndeffectorParametersParamsSetDataType,16375,Variable
CRCL_BinarySchema_SetEndeffectorParametersParamsSetDataType_DataTypeVersion,16376,Variable
CRCL_BinarySchema_SetEndeffectorParametersParamsSetDataType_DictionaryFragment,16377,Variable
CRCL_BinarySchema_SetEndeffectorParamsSetDataType,16378,Variable
CRCL_BinarySchema_SetEndeffectorParamsSetDataType_DataTypeVersion,16379,Variable
CRCL_BinarySchema_SetEndeffectorParamsSetDataType_DictionaryFragment,16380,Variable
CRCL_BinarySchema_SetTransSpeedParamsSetDataType,16381,Variable
CRCL_BinarySchema_SetTransSpeedParamsSetDataType_DataTypeVersion,16382,Variable
CRCL_BinarySchema_SetTransSpeedParamsSetDataType_DictionaryFragment,16383,Variable
CRCL_BinarySchema_SetTransAccelParamsSetDataType,16384,Variable
CRCL_BinarySchema_SetTransAccelParamsSetDataType_DataTypeVersion,16385,Variable
CRCL_BinarySchema_SetTransAccelParamsSetDataType_DictionaryFragment,16386,Variable
CRCL_BinarySchema_SetRotSpeedParamsSetDataType,16387,Variable
CRCL_BinarySchema_SetRotSpeedParamsSetDataType_DataTypeVersion,16388,Variable
CRCL_BinarySchema_SetRotSpeedParamsSetDataType_DictionaryFragment,16389,Variable
CRCL_BinarySchema_SetRotAccelParamsSetDataType,16390,Variable
CRCL_BinarySchema_SetRotAccelParamsSetDataType_DataTypeVersion,16391,Variable
CRCL_BinarySchema_SetRotAccelParamsSetDataType_DictionaryFragment,16392,Variable
CRCL_BinarySchema_SetAngleUnitsParamsSetDataType,16393,Variable
CRCL_BinarySchema_SetAngleUnitsParamsSetDataType_DataTypeVersion,16394,Variable
CRCL_BinarySchema_SetAngleUnitsParamsSetDataType_DictionaryFragment,16395,Variable
CRCL_BinarySchema_SetEndPoseToleranceParamsSetDataType,16396,Variable
CRCL_BinarySchema_SetEndPoseToleranceParamsSetDataType_DataTypeVersion,16397,Variable
CRCL_BinarySchema_SetEndPoseToleranceParamsSetDataType_DictionaryFragment,16398,Variable
CRCL_BinarySchema_SetForceUnitsParamsSetDataType,16399,Variable
CRCL_BinarySchema_SetForceUnitsParamsSetDataType_DataTypeVersion,16400,Variable
CRCL_BinarySchema_SetForceUnitsParamsSetDataType_DictionaryFragment,16401,Variable
CRCL_BinarySchema_SetIntermediatePoseToleranceParamsSetDataType,16402,Variable
CRCL_BinarySchema_SetIntermediatePoseToleranceParamsSetDataType_DataTypeVersion,16403,Variable
CRCL_BinarySchema_SetIntermediatePoseToleranceParamsSetDataType_DictionaryFragment,16404,Variable
CRCL_BinarySchema_SetLengthUnitsParamsSetDataType,16405,Variable
CRCL_BinarySchema_SetLengthUnitsParamsSetDataType_DataTypeVersion,16406,Variable
CRCL_BinarySchema_SetLengthUnitsParamsSetDataType_DictionaryFragment,16407,Variable
CRCL_BinarySchema_SetMotionCoordinationParamsSetDataType,16408,Variable
CRCL_BinarySchema_SetMotionCoordinationParamsSetDataType_DataTypeVersion,16409,Variable
CRCL_BinarySchema_SetMotionCoordinationParamsSetDataType_DictionaryFragment,16410,Variable
CRCL_BinarySchema_SetTorqueUnitsParamsSetDataType,16411,Variable
CRCL_BinarySchema_SetTorqueUnitsParamsSetDataType_DataTypeVersion,16412,Variable
CRCL_BinarySchema_SetTorqueUnitsParamsSetDataType_DictionaryFragment,16413,Variable
CRCL_BinarySchema_StopMotionParamsSetDataType,16414,Variable
CRCL_BinarySchema_StopMotionParamsSetDataType_DataTypeVersion,16415,Variable
CRCL_BinarySchema_StopMotionParamsSetDataType_DictionaryFragment,16416,Variable
CRCL_BinarySchema_ConfigureStatusReportParamsSetDataType,16417,Variable
CRCL_BinarySchema_ConfigureStatusReportParamsSetDataType_DataTypeVersion,16418,Variable
CRCL_BinarySchema_ConfigureStatusReportParamsSetDataType_DictionaryFragment,16419,Variable
CRCL_BinarySchema_EnableSensorParamsSetDataType,16420,Variable
CRCL_BinarySchema_EnableSensorParamsSetDataType_DataTypeVersion,16421,Variable
CRCL_BinarySchema_EnableSensorParamsSetDataType_DictionaryFragment,16422,Variable
CRCL_BinarySchema_DisableSensorParamsSetDataType,16423,Variable
CRCL_BinarySchema_DisableSensorParamsSetDataType_DataTypeVersion,16424,Variable
CRCL_BinarySchema_DisableSensorParamsSetDataType_DictionaryFragment,16425,Variable
CRCL_BinarySchema_EnableGripperParamsSetDataType,16426,Variable
CRCL_BinarySchema_EnableGripperParamsSetDataType_DataTypeVersion,16427,Variable
CRCL_BinarySchema_EnableGripperParamsSetDataType_DictionaryFragment,16428,Variable
CRCL_BinarySchema_DisableGripperParamsSetDataType,16429,Variable
CRCL_BinarySchema_DisableGripperParamsSetDataType_DataTypeVersion,16430,Variable
CRCL_BinarySchema_DisableGripperParamsSetDataType_DictionaryFragment,16431,Variable
CRCL_BinarySchema_EnableRobotParameterStatusParamsSetDataType,16432,Variable
CRCL_BinarySchema_EnableRobotParameterStatusParamsSetDataType_DataTypeVersion,16433,Variable
CRCL_BinarySchema_EnableRobotParameterStatusParamsSetDataType_DictionaryFragment,16434,Variable
CRCL_BinarySchema_DisableRobotParameterStatusParamsSetDataType,16435,Variable
CRCL_BinarySchema_DisableRobotParameterStatusParamsSetDataType_DataTypeVersion,16436,Variable
CRCL_BinarySchema_DisableRobotParameterStatusParamsSetDataType_DictionaryFragment,16437,Variable
CRCLCommandParamsSetDataType_Encoding_DefaultXml,16441,Object
InitCanonParamsSetDataType_Encoding_DefaultXml,16442,Object
EndCanonParamsSetDataType_Encoding_DefaultXml,16443,Object
GetStatusParamsSetDataType_Encoding_DefaultXml,16444,Object
CloseToolChangerParamsSetDataType_Encoding_DefaultXml,16445,Object
OpenToolChangerParamsSetDataType_Encoding_DefaultXml,16446,Object
MessageParamsSetDataType_Encoding_DefaultXml,16447,Object
MoveToParamsSetDataType_Encoding_DefaultXml,16448,Object
MoveScrewParamsSetDataType_Encoding_DefaultXml,16449,Object
MoveThroughToParamsSetDataType_Encoding_DefaultXml,16450,Object
DwellParamsSetDataType_Encoding_DefaultXml,16451,Object
ActuateJointsParamsSetDataType_Encoding_DefaultXml,16452,Object
ConfigureJointReportsParamsSetDataType_Encoding_DefaultXml,16453,Object
SetDefaultJointPositionsTolerancesParamsSetDataType_Encoding_DefaultXml,16454,Object
SetRobotParametersParamsSetDataType_Encoding_DefaultXml,16455,Object
SetEndeffectorParametersParamsSetDataType_Encoding_DefaultXml,16456,Object
SetEndeffectorParamsSetDataType_Encoding_DefaultXml,16457,Object
SetTransSpeedParamsSetDataType_Encoding_DefaultXml,16458,Object
SetTransAccelParamsSetDataType_Encoding_DefaultXml,16459,Object
SetRotSpeedParamsSetDataType_Encoding_DefaultXml,16460,Object
SetRotAccelParamsSetDataType_Encoding_DefaultXml,16461,Object
SetAngleUnitsParamsSetDataType_Encoding_DefaultXml,16462,Object
SetEndPoseToleranceParamsSetDataType_Encoding_DefaultXml,16463,Object
SetForceUnitsParamsSetDataType_Encoding_DefaultXml,16464,Object
SetIntermediatePoseToleranceParamsSetDataType_Encoding_DefaultXml,16465,Object
SetLengthUnitsParamsSetDataType_Encoding_DefaultXml,16466,Object
SetMotionCoordinationParamsSetDataType_Encoding_DefaultXml,16467,Object
SetTorqueUnitsParamsSetDataType_Encoding_DefaultXml,16468,Object
StopMotionParamsSetDataType_Encoding_DefaultXml,16469,Object
ConfigureStatusReportParamsSetDataType_Encoding_DefaultXml,16470,Object
EnableSensorParamsSetDataType_Encoding_DefaultXml,16471,Object
DisableSensorParamsSetDataType_Encoding_DefaultXml,16472,Object
EnableGripperParamsSetDataType_Encoding_DefaultXml,16473,Object
DisableGripperParamsSetDataType_Encoding_DefaultXml,16474,Object
EnableRobotParameterStatusParamsSetDataType_Encoding_DefaultXml,16475,Object
DisableRobotParameterStatusParamsSetDataType_Encoding_DefaultXml,16476,Object
CRCL_XmlSchema_CRCLCommandParamsSetDataType,16478,Variable
CRCL_XmlSchema_CRCLCommandParamsSetDataType_DataTypeVersion,16479,Variable
CRCL_XmlSchema_CRCLCommandParamsSetDataType_DictionaryFragment,16480,Variable
CRCL_XmlSchema_InitCanonParamsSetDataType,16481,Variable
CRCL_XmlSchema_InitCanonParamsSetDataType_DataTypeVersion,16482,Variable
CRCL_XmlSchema_InitCanonParamsSetDataType_DictionaryFragment,16483,Variable
CRCL_XmlSchema_EndCanonParamsSetDataType,16484,Variable
CRCL_XmlSchema_EndCanonParamsSetDataType_DataTypeVersion,16485,Variable
CRCL_XmlSchema_EndCanonParamsSetDataType_DictionaryFragment,16486,Variable
CRCL_XmlSchema_GetStatusParamsSetDataType,16487,Variable
CRCL_XmlSchema_GetStatusParamsSetDataType_DataTypeVersion,16488,Variable
CRCL_XmlSchema_GetStatusParamsSetDataType_DictionaryFragment,16489,Variable
CRCL_XmlSchema_CloseToolChangerParamsSetDataType,16490,Variable
CRCL_XmlSchema_CloseToolChangerParamsSetDataType_DataTypeVersion,16491,Variable
CRCL_XmlSchema_CloseToolChangerParamsSetDataType_DictionaryFragment,16492,Variable
CRCL_XmlSchema_OpenToolChangerParamsSetDataType,16493,Variable
CRCL_XmlSchema_OpenToolChangerParamsSetDataType_DataTypeVersion,16494,Variable
CRCL_XmlSchema_OpenToolChangerParamsSetDataType_DictionaryFragment,16495,Variable
CRCL_XmlSchema_MessageParamsSetDataType,16496,Variable
CRCL_XmlSchema_MessageParamsSetDataType_DataTypeVersion,16497,Variable
CRCL_XmlSchema_MessageParamsSetDataType_DictionaryFragment,16498,Variable
CRCL_XmlSchema_MoveToParamsSetDataType,16499,Variable
CRCL_XmlSchema_MoveToParamsSetDataType_DataTypeVersion,16500,Variable
CRCL_XmlSchema_MoveToParamsSetDataType_DictionaryFragment,16501,Variable
CRCL_XmlSchema_MoveScrewParamsSetDataType,16502,Variable
CRCL_XmlSchema_MoveScrewParamsSetDataType_DataTypeVersion,16503,Variable
CRCL_XmlSchema_MoveScrewParamsSetDataType_DictionaryFragment,16504,Variable
CRCL_XmlSchema_MoveThroughToParamsSetDataType,16505,Variable
CRCL_XmlSchema_MoveThroughToParamsSetDataType_DataTypeVersion,16506,Variable
CRCL_XmlSchema_MoveThroughToParamsSetDataType_DictionaryFragment,16507,Variable
CRCL_XmlSchema_DwellParamsSetDataType,16508,Variable
CRCL_XmlSchema_DwellParamsSetDataType_DataTypeVersion,16509,Variable
CRCL_XmlSchema_DwellParamsSetDataType_DictionaryFragment,16510,Variable
CRCL_XmlSchema_ActuateJointsParamsSetDataType,16511,Variable
CRCL_XmlSchema_ActuateJointsParamsSetDataType_DataTypeVersion,16512,Variable
CRCL_XmlSchema_ActuateJointsParamsSetDataType_DictionaryFragment,16513,Variable
CRCL_XmlSchema_ConfigureJointReportsParamsSetDataType,16514,Variable
CRCL_XmlSchema_ConfigureJointReportsParamsSetDataType_DataTypeVersion,16515,Variable
CRCL_XmlSchema_ConfigureJointReportsParamsSetDataType_DictionaryFragment,16516,Variable
CRCL_XmlSchema_SetDefaultJointPositionsTolerancesParamsSetDataType,16517,Variable
CRCL_XmlSchema_SetDefaultJointPositionsTolerancesParamsSetDataType_DataTypeVersion,16518,Variable
CRCL_XmlSchema_SetDefaultJointPositionsTolerancesParamsSetDataType_DictionaryFragment,16519,Variable
CRCL_XmlSchema_SetRobotParametersParamsSetDataType,16520,Variable
CRCL_XmlSchema_SetRobotParametersParamsSetDataType_DataTypeVersion,16521,Variable
CRCL_XmlSchema_SetRobotParametersParamsSetDataType_DictionaryFragment,16522,Variable
CRCL_XmlSchema_SetEndeffectorParametersParamsSetDataType,16523,Variable
CRCL_XmlSchema_SetEndeffectorParametersParamsSetDataType_DataTypeVersion,16524,Variable
CRCL_XmlSchema_SetEndeffectorParametersParamsSetDataType_DictionaryFragment,16525,Variable
CRCL_XmlSchema_SetEndeffectorParamsSetDataType,16526,Variable
CRCL_XmlSchema_SetEndeffectorParamsSetDataType_DataTypeVersion,16527,Variable
CRCL_XmlSchema_SetEndeffectorParamsSetDataType_DictionaryFragment,16528,Variable
CRCL_XmlSchema_SetTransSpeedParamsSetDataType,16529,Variable
CRCL_XmlSchema_SetTransSpeedParamsSetDataType_DataTypeVersion,16530,Variable
CRCL_XmlSchema_SetTransSpeedParamsSetDataType_DictionaryFragment,16531,Variable
CRCL_XmlSchema_SetTransAccelParamsSetDataType,16532,Variable
CRCL_XmlSchema_SetTransAccelParamsSetDataType_DataTypeVersion,16533,Variable
CRCL_XmlSchema_SetTransAccelParamsSetDataType_DictionaryFragment,16534,Variable
CRCL_XmlSchema_SetRotSpeedParamsSetDataType,16535,Variable
CRCL_XmlSchema_SetRotSpeedParamsSetDataType_DataTypeVersion,16536,Variable
CRCL_XmlSchema_SetRotSpeedParamsSetDataType_DictionaryFragment,16537,Variable
CRCL_XmlSchema_SetRotAccelParamsSetDataType,16538,Variable
CRCL_XmlSchema_SetRotAccelParamsSetDataType_DataTypeVersion,16539,Variable
CRCL_XmlSchema_SetRotAccelParamsSetDataType_DictionaryFragment,16540,Variable
CRCL_XmlSchema_SetAngleUnitsParamsSetDataType,16541,Variable
CRCL_XmlSchema_SetAngleUnitsParamsSetDataType_DataTypeVersion,16542,Variable
CRCL_XmlSchema_SetAngleUnitsParamsSetDataType_DictionaryFragment,16543,Variable
CRCL_XmlSchema_SetEndPoseToleranceParamsSetDataType,16544,Variable
CRCL_XmlSchema_SetEndPoseToleranceParamsSetDataType_DataTypeVersion,16545,Variable
CRCL_XmlSchema_SetEndPoseToleranceParamsSetDataType_DictionaryFragment,16546,Variable
CRCL_XmlSchema_SetForceUnitsParamsSetDataType,16547,Variable
CRCL_XmlSchema_SetForceUnitsParamsSetDataType_DataTypeVersion,16548,Variable
CRCL_XmlSchema_SetForceUnitsParamsSetDataType_DictionaryFragment,16549,Variable
CRCL_XmlSchema_SetIntermediatePoseToleranceParamsSetDataType,16550,Variable
CRCL_XmlSchema_SetIntermediatePoseToleranceParamsSetDataType_DataTypeVersion,16551,Variable
CRCL_XmlSchema_SetIntermediatePoseToleranceParamsSetDataType_DictionaryFragment,16552,Variable
CRCL_XmlSchema_SetLengthUnitsParamsSetDataType,16553,Variable
CRCL_XmlSchema_SetLengthUnitsParamsSetDataType_DataTypeVersion,16554,Variable
CRCL_XmlSchema_SetLengthUnitsParamsSetDataType_DictionaryFragment,16555,Variable
CRCL_XmlSchema_SetMotionCoordinationParamsSetDataType,16556,Variable
CRCL_XmlSchema_SetMotionCoordinationParamsSetDataType_DataTypeVersion,16557,Variable
CRCL_XmlSchema_SetMotionCoordinationParamsSetDataType_DictionaryFragment,16558,Variable
CRCL_XmlSchema_SetTorqueUnitsParamsSetDataType,16559,Variable
CRCL_XmlSchema_SetTorqueUnitsParamsSetDataType_DataTypeVersion,16560,Variable
CRCL_XmlSchema_SetTorqueUnitsParamsSetDataType_DictionaryFragment,16561,Variable
CRCL_XmlSchema_StopMotionParamsSetDataType,16562,Variable
CRCL_XmlSchema_StopMotionParamsSetDataType_DataTypeVersion,16563,Variable
CRCL_XmlSchema_StopMotionParamsSetDataType_DictionaryFragment,16564,Variable
CRCL_XmlSchema_ConfigureStatusReportParamsSetDataType,16565,Variable
CRCL_XmlSchema_ConfigureStatusReportParamsSetDataType_DataTypeVersion,16566,Variable
CRCL_XmlSchema_ConfigureStatusReportParamsSetDataType_DictionaryFragment,16567,Variable
CRCL_XmlSchema_EnableSensorParamsSetDataType,16568,Variable
CRCL_XmlSchema_EnableSensorParamsSetDataType_DataTypeVersion,16569,Variable
CRCL_XmlSchema_EnableSensorParamsSetDataType_DictionaryFragment,16570,Variable
CRCL_XmlSchema_DisableSensorParamsSetDataType,16571,Variable
CRCL_XmlSchema_DisableSensorParamsSetDataType_DataTypeVersion,16572,Variable
CRCL_XmlSchema_DisableSensorParamsSetDataType_DictionaryFragment,16573,Variable
CRCL_XmlSchema_EnableGripperParamsSetDataType,16574,Variable
CRCL_XmlSchema_EnableGripperParamsSetDataType_DataTypeVersion,16575,Variable
CRCL_XmlSchema_EnableGripperParamsSetDataType_DictionaryFragment,16576,Variable
CRCL_XmlSchema_DisableGripperParamsSetDataType,16577,Variable
CRCL_XmlSchema_DisableGripperParamsSetDataType_DataTypeVersion,16578,Variable
CRCL_XmlSchema_DisableGripperParamsSetDataType_DictionaryFragment,16579,Variable
CRCL_XmlSchema_EnableRobotParameterStatusParamsSetDataType,16580,Variable
CRCL_XmlSchema_EnableRobotParameterStatusParamsSetDataType_DataTypeVersion,16581,Variable
CRCL_XmlSchema_EnableRobotParameterStatusParamsSetDataType_DictionaryFragment,16582,Variable
CRCL_XmlSchema_DisableRobotParameterStatusParamsSetDataType,16583,Variable
CRCL_XmlSchema_DisableRobotParameterStatusParamsSetDataType_DataTypeVersion,16584,Variable
CRCL_XmlSchema_DisableRobotParameterStatusParamsSetDataType_DictionaryFragment,16585,Variable
CRCLCommandParamsSetDataType_Encoding_DefaultJson,16589,Object
InitCanonParamsSetDataType_Encoding_DefaultJson,16590,Object
EndCanonParamsSetDataType_Encoding_DefaultJson,16591,Object
GetStatusParamsSetDataType_Encoding_DefaultJson,16592,Object
CloseToolChangerParamsSetDataType_Encoding_DefaultJson,16593,Object
OpenToolChangerParamsSetDataType_Encoding_DefaultJson,16594,Object
MessageParamsSetDataType_Encoding_DefaultJson,16595,Object
MoveToParamsSetDataType_Encoding_DefaultJson,16596,Object
MoveScrewParamsSetDataType_Encoding_DefaultJson,16597,Object
MoveThroughToParamsSetDataType_Encoding_DefaultJson,16598,Object
DwellParamsSetDataType_Encoding_DefaultJson,16599,Object
ActuateJointsParamsSetDataType_Encoding_DefaultJson,16600,Object
ConfigureJointReportsParamsSetDataType_Encoding_DefaultJson,16601,Object
SetDefaultJointPositionsTolerancesParamsSetDataType_Encoding_DefaultJson,16602,Object
SetRobotParametersParamsSetDataType_Encoding_DefaultJson,16603,Object
SetEndeffectorParametersParamsSetDataType_Encoding_DefaultJson,16604,Object
SetEndeffectorParamsSetDataType_Encoding_DefaultJson,16605,Object
SetTransSpeedParamsSetDataType_Encoding_DefaultJson,16606,Object
SetTransAccelParamsSetDataType_Encoding_DefaultJson,16607,Object
SetRotSpeedParamsSetDataType_Encoding_DefaultJson,16608,Object
SetRotAccelParamsSetDataType_Encoding_DefaultJson,16609,Object
SetAngleUnitsParamsSetDataType_Encoding_DefaultJson,16610,Object
SetEndPoseToleranceParamsSetDataType_Encoding_DefaultJson,16611,Object
SetForceUnitsParamsSetDataType_Encoding_DefaultJson,16612,Object
SetIntermediatePoseToleranceParamsSetDataType_Encoding_DefaultJson,16613,Object
SetLengthUnitsParamsSetDataType_Encoding_DefaultJson,16614,Object
SetMotionCoordinationParamsSetDataType_Encoding_DefaultJson,16615,Object
SetTorqueUnitsParamsSetDataType_Encoding_DefaultJson,16616,Object
StopMotionParamsSetDataType_Encoding_DefaultJson,16617,Object
ConfigureStatusReportParamsSetDataType_Encoding_DefaultJson,16618,Object
EnableSensorParamsSetDataType_Encoding_DefaultJson,16619,Object
DisableSensorParamsSetDataType_Encoding_DefaultJson,16620,Object
EnableGripperParamsSetDataType_Encoding_DefaultJson,16621,Object
DisableGripperParamsSetDataType_Encoding_DefaultJson,16622,Object
EnableRobotParameterStatusParamsSetDataType_Encoding_DefaultJson,16623,Object
DisableRobotParameterStatusParamsSetDataType_Encoding_DefaultJson,16624,Object
